dataset,method,RecurrentGCN,mrate,mtype,lags,nof_filters,inter_method,epoch,mse,calculation_time
pedalme,STGCN,DCRNN,0.0,,4,12,,50,1.1811035871505735,5.895219802856445
pedalme,STGCN,DCRNN,0.0,,4,12,,50,1.248005747795105,5.130110740661621
pedalme,STGCN,DCRNN,0.0,,4,12,,50,1.191690444946289,5.466649055480957
pedalme,STGCN,DCRNN,0.3,rand,4,12,linear,50,1.279097318649292,4.442182540893555
pedalme,STGCN,DCRNN,0.3,rand,4,12,cubic,50,1.1605050563812256,5.448436260223389
pedalme,STGCN,DCRNN,0.3,rand,4,12,nearest,50,1.188434600830078,4.949608564376831
pedalme,STGCN,DCRNN,0.4,rand,4,12,linear,50,1.2332781553268433,6.398785352706909
pedalme,STGCN,DCRNN,0.4,rand,4,12,cubic,50,1.227565050125122,6.211889266967773
pedalme,STGCN,DCRNN,0.4,rand,4,12,nearest,50,1.2183576822280884,5.568511486053467
pedalme,STGCN,DCRNN,0.5,rand,4,12,linear,50,1.2133634090423584,5.921919345855713
pedalme,STGCN,DCRNN,0.5,rand,4,12,cubic,50,1.2976268529891968,5.972764492034912
pedalme,STGCN,DCRNN,0.5,rand,4,12,nearest,50,1.2561163902282717,5.593949556350708
pedalme,STGCN,DCRNN,0.6,rand,4,12,linear,50,1.2617621421813965,5.873998165130615
pedalme,STGCN,DCRNN,0.6,rand,4,12,cubic,50,1.306280255317688,5.818803310394287
pedalme,STGCN,DCRNN,0.6,rand,4,12,nearest,50,1.3407756090164185,5.631577491760254
pedalme,IT-STGCN,DCRNN,0.0,,4,12,,50,1.2008299827575684,8.500311374664307
pedalme,IT-STGCN,DCRNN,0.0,,4,12,,50,1.2031291723251345,8.40659236907959
pedalme,IT-STGCN,DCRNN,0.0,,4,12,,50,1.2092725038528442,8.698941946029663
pedalme,IT-STGCN,DCRNN,0.3,rand,4,12,linear,50,1.2906546592712402,8.417552471160889
pedalme,IT-STGCN,DCRNN,0.3,rand,4,12,cubic,50,1.2199894189834597,8.917592763900757
pedalme,IT-STGCN,DCRNN,0.3,rand,4,12,nearest,50,1.213194727897644,7.650489330291748
pedalme,IT-STGCN,DCRNN,0.4,rand,4,12,linear,50,1.224990725517273,8.526312589645386
pedalme,IT-STGCN,DCRNN,0.4,rand,4,12,cubic,50,1.2252156734466553,7.448452472686768
pedalme,IT-STGCN,DCRNN,0.4,rand,4,12,nearest,50,1.2031357288360596,7.605439186096191
pedalme,IT-STGCN,DCRNN,0.5,rand,4,12,linear,50,1.2405842542648315,8.502443790435791
pedalme,IT-STGCN,DCRNN,0.5,rand,4,12,cubic,50,1.2667980194091797,8.492789030075073
pedalme,IT-STGCN,DCRNN,0.5,rand,4,12,nearest,50,1.1685760021209717,8.319119930267334
pedalme,IT-STGCN,DCRNN,0.6,rand,4,12,linear,50,1.2165147066116333,7.950107574462891
pedalme,IT-STGCN,DCRNN,0.6,rand,4,12,cubic,50,1.2897984981536863,7.532238721847534
pedalme,IT-STGCN,DCRNN,0.6,rand,4,12,nearest,50,1.320178747177124,8.030057430267334
pedalme,STGCN,DCRNN,0.0,,4,12,,50,1.2175238132476809,6.224203109741211
pedalme,STGCN,DCRNN,0.0,,4,12,,50,1.2144078016281128,6.687457084655762
pedalme,STGCN,DCRNN,0.0,,4,12,,50,1.2055292129516602,6.033224582672119
pedalme,STGCN,DCRNN,0.3,rand,4,12,linear,50,1.227924346923828,6.208791017532349
pedalme,STGCN,DCRNN,0.3,rand,4,12,cubic,50,1.2823268175125122,5.898451328277588
pedalme,STGCN,DCRNN,0.3,rand,4,12,nearest,50,1.2364095449447632,5.90159010887146
pedalme,STGCN,DCRNN,0.4,rand,4,12,linear,50,1.1747441291809082,5.537290811538696
pedalme,STGCN,DCRNN,0.4,rand,4,12,cubic,50,1.3653535842895508,6.287112712860107
pedalme,STGCN,DCRNN,0.4,rand,4,12,nearest,50,1.2853251695632937,6.089942932128906
pedalme,STGCN,DCRNN,0.5,rand,4,12,linear,50,1.2891641855239868,5.809592485427856
pedalme,STGCN,DCRNN,0.5,rand,4,12,cubic,50,1.2029489278793335,5.402240991592407
pedalme,STGCN,DCRNN,0.5,rand,4,12,nearest,50,1.3155558109283447,5.404517412185669
pedalme,STGCN,DCRNN,0.6,rand,4,12,linear,50,1.537953495979309,5.213853120803833
pedalme,STGCN,DCRNN,0.6,rand,4,12,cubic,50,1.4058119058609009,5.6671295166015625
pedalme,STGCN,DCRNN,0.6,rand,4,12,nearest,50,1.209941029548645,5.8093249797821045
pedalme,IT-STGCN,DCRNN,0.0,,4,12,,50,1.2319992780685425,7.569584369659424
pedalme,IT-STGCN,DCRNN,0.0,,4,12,,50,1.2064887285232544,8.006039381027222
pedalme,IT-STGCN,DCRNN,0.0,,4,12,,50,1.1858950853347778,7.317818880081177
pedalme,IT-STGCN,DCRNN,0.3,rand,4,12,linear,50,1.258717656135559,7.53678035736084
pedalme,IT-STGCN,DCRNN,0.3,rand,4,12,cubic,50,1.2474092245101929,7.449769496917725
pedalme,IT-STGCN,DCRNN,0.3,rand,4,12,nearest,50,1.2205297946929932,6.976487398147583
pedalme,IT-STGCN,DCRNN,0.4,rand,4,12,linear,50,1.279503345489502,6.709295272827148
pedalme,IT-STGCN,DCRNN,0.4,rand,4,12,cubic,50,1.2469483613967896,7.032665491104126
pedalme,IT-STGCN,DCRNN,0.4,rand,4,12,nearest,50,1.222233533859253,7.321048736572266
pedalme,IT-STGCN,DCRNN,0.5,rand,4,12,linear,50,1.2371220588684082,7.554217576980591
pedalme,IT-STGCN,DCRNN,0.5,rand,4,12,cubic,50,1.2194757461547852,7.635390281677246
pedalme,IT-STGCN,DCRNN,0.5,rand,4,12,nearest,50,1.2522763013839722,7.558996677398682
pedalme,IT-STGCN,DCRNN,0.6,rand,4,12,linear,50,1.2959247827529907,7.01201605796814
pedalme,IT-STGCN,DCRNN,0.6,rand,4,12,cubic,50,1.227554202079773,7.303312301635742
pedalme,IT-STGCN,DCRNN,0.6,rand,4,12,nearest,50,1.243424654006958,7.177085161209106
pedalme,STGCN,DCRNN,0.0,,4,12,,50,1.1958378553390503,6.037065267562866
pedalme,STGCN,DCRNN,0.0,,4,12,,50,1.214426875114441,6.041033744812012
pedalme,STGCN,DCRNN,0.0,,4,12,,50,1.1800099611282349,6.169723272323608
pedalme,STGCN,DCRNN,0.3,rand,4,12,linear,50,1.2521148920059204,6.508517503738403
pedalme,STGCN,DCRNN,0.3,rand,4,12,cubic,50,1.2433401346206665,6.650269269943237
pedalme,STGCN,DCRNN,0.3,rand,4,12,nearest,50,1.2070287466049194,6.384790897369385
pedalme,STGCN,DCRNN,0.4,rand,4,12,linear,50,1.3419952392578125,6.153614521026611
pedalme,STGCN,DCRNN,0.4,rand,4,12,cubic,50,1.200867772102356,5.573133230209351
pedalme,STGCN,DCRNN,0.4,rand,4,12,nearest,50,1.2292850017547607,5.976414442062378
pedalme,STGCN,DCRNN,0.5,rand,4,12,linear,50,1.3333089351654053,6.424409151077271
pedalme,STGCN,DCRNN,0.5,rand,4,12,cubic,50,1.169625163078308,5.850488901138306
pedalme,STGCN,DCRNN,0.5,rand,4,12,nearest,50,1.2941688299179075,5.798869848251343
pedalme,STGCN,DCRNN,0.6,rand,4,12,linear,50,1.3775720596313477,5.965718030929565
pedalme,STGCN,DCRNN,0.6,rand,4,12,cubic,50,1.2284388542175293,6.525102376937866
pedalme,STGCN,DCRNN,0.6,rand,4,12,nearest,50,1.2590168714523315,6.0791614055633545
pedalme,IT-STGCN,DCRNN,0.0,,4,12,,50,1.2122095823287964,8.17578911781311
pedalme,IT-STGCN,DCRNN,0.0,,4,12,,50,1.1778098344802856,7.950785875320435
pedalme,IT-STGCN,DCRNN,0.0,,4,12,,50,1.2494674921035769,7.89980673789978
pedalme,IT-STGCN,DCRNN,0.3,rand,4,12,linear,50,1.1879115104675293,7.85788893699646
pedalme,IT-STGCN,DCRNN,0.3,rand,4,12,cubic,50,1.24847674369812,7.791935443878174
pedalme,IT-STGCN,DCRNN,0.3,rand,4,12,nearest,50,1.198789119720459,8.278339624404907
pedalme,IT-STGCN,DCRNN,0.4,rand,4,12,linear,50,1.2277289628982544,8.188244104385376
pedalme,IT-STGCN,DCRNN,0.4,rand,4,12,cubic,50,1.1865869760513306,7.422037363052368
pedalme,IT-STGCN,DCRNN,0.4,rand,4,12,nearest,50,1.2548974752426147,6.555357694625855
pedalme,IT-STGCN,DCRNN,0.5,rand,4,12,linear,50,1.212180495262146,7.219523906707764
pedalme,IT-STGCN,DCRNN,0.5,rand,4,12,cubic,50,1.2030112743377686,7.343164682388306
pedalme,IT-STGCN,DCRNN,0.5,rand,4,12,nearest,50,1.3300451040267944,8.627575635910034
pedalme,IT-STGCN,DCRNN,0.6,rand,4,12,linear,50,1.262983798980713,8.657137632369995
pedalme,IT-STGCN,DCRNN,0.6,rand,4,12,cubic,50,1.230530858039856,8.73944640159607
pedalme,IT-STGCN,DCRNN,0.6,rand,4,12,nearest,50,1.221954584121704,7.772397756576538
pedalme,STGCN,DCRNN,0.0,,4,12,,50,1.2257742881774902,6.188745260238648
pedalme,STGCN,DCRNN,0.0,,4,12,,50,1.1989638805389404,5.277001857757568
pedalme,STGCN,DCRNN,0.0,,4,12,,50,1.187125325202942,5.76791787147522
pedalme,STGCN,DCRNN,0.3,rand,4,12,linear,50,1.2710026502609253,6.697524547576904
pedalme,STGCN,DCRNN,0.3,rand,4,12,cubic,50,1.2412989139556885,6.775846481323242
pedalme,STGCN,DCRNN,0.3,rand,4,12,nearest,50,1.2722941637039185,6.106400966644287
pedalme,STGCN,DCRNN,0.4,rand,4,12,linear,50,1.2478306293487549,5.970742702484131
pedalme,STGCN,DCRNN,0.4,rand,4,12,cubic,50,1.2789326906204224,6.235476970672607
pedalme,STGCN,DCRNN,0.4,rand,4,12,nearest,50,1.253946304321289,5.755796432495117
pedalme,STGCN,DCRNN,0.5,rand,4,12,linear,50,1.2886422872543335,4.778742551803589
pedalme,STGCN,DCRNN,0.5,rand,4,12,cubic,50,1.1816352605819702,7.187052965164185
pedalme,STGCN,DCRNN,0.5,rand,4,12,nearest,50,1.2456899881362915,6.529439449310303
pedalme,STGCN,DCRNN,0.6,rand,4,12,linear,50,1.2484132051467896,6.428515672683716
pedalme,STGCN,DCRNN,0.6,rand,4,12,cubic,50,1.3223769664764404,6.3490753173828125
pedalme,STGCN,DCRNN,0.6,rand,4,12,nearest,50,1.2000349760055542,6.636606693267822
pedalme,IT-STGCN,DCRNN,0.0,,4,12,,50,1.2058560848236084,8.805662155151367
pedalme,IT-STGCN,DCRNN,0.0,,4,12,,50,1.1966537237167358,8.104594230651855
pedalme,IT-STGCN,DCRNN,0.0,,4,12,,50,1.2009992599487305,7.732272863388061
pedalme,IT-STGCN,DCRNN,0.3,rand,4,12,linear,50,1.2052394151687622,7.176228046417236
pedalme,IT-STGCN,DCRNN,0.3,rand,4,12,cubic,50,1.2096198797225952,7.953791379928589
pedalme,IT-STGCN,DCRNN,0.3,rand,4,12,nearest,50,1.2021862268447876,7.9858314990997314
pedalme,IT-STGCN,DCRNN,0.4,rand,4,12,linear,50,1.2099686861038208,7.935212850570679
pedalme,IT-STGCN,DCRNN,0.4,rand,4,12,cubic,50,1.2211198806762695,7.092649221420288
pedalme,IT-STGCN,DCRNN,0.4,rand,4,12,nearest,50,1.2463277578353882,7.194067716598511
pedalme,IT-STGCN,DCRNN,0.5,rand,4,12,linear,50,1.22597074508667,8.15971565246582
pedalme,IT-STGCN,DCRNN,0.5,rand,4,12,cubic,50,1.250743746757507,6.990134716033936
pedalme,IT-STGCN,DCRNN,0.5,rand,4,12,nearest,50,1.308069109916687,6.688772439956665
pedalme,IT-STGCN,DCRNN,0.6,rand,4,12,linear,50,1.25227153301239,6.969725847244263
pedalme,IT-STGCN,DCRNN,0.6,rand,4,12,cubic,50,1.265706181526184,6.638613939285278
pedalme,IT-STGCN,DCRNN,0.6,rand,4,12,nearest,50,1.326690435409546,6.868052959442139
pedalme,STGCN,DCRNN,0.0,,4,12,,50,1.2107605934143066,4.864623069763184
pedalme,STGCN,DCRNN,0.0,,4,12,,50,1.1905678510665894,5.699764251708984
pedalme,STGCN,DCRNN,0.0,,4,12,,50,1.1882387399673462,6.586341142654419
pedalme,STGCN,DCRNN,0.3,rand,4,12,linear,50,1.248920202255249,7.67929744720459
pedalme,STGCN,DCRNN,0.3,rand,4,12,cubic,50,1.254713535308838,7.5470685958862305
pedalme,STGCN,DCRNN,0.3,rand,4,12,nearest,50,1.271593689918518,6.957188606262207
pedalme,STGCN,DCRNN,0.4,rand,4,12,linear,50,1.247378706932068,5.392543077468872
pedalme,STGCN,DCRNN,0.4,rand,4,12,cubic,50,1.2506437301635742,5.430421590805054
pedalme,STGCN,DCRNN,0.4,rand,4,12,nearest,50,1.2419666051864624,4.68063759803772
pedalme,STGCN,DCRNN,0.5,rand,4,12,linear,50,1.1736793518066406,6.025995016098023
pedalme,STGCN,DCRNN,0.5,rand,4,12,cubic,50,1.3487176895141602,5.267314910888672
pedalme,STGCN,DCRNN,0.5,rand,4,12,nearest,50,1.2111340761184692,5.852031707763672
pedalme,STGCN,DCRNN,0.6,rand,4,12,linear,50,1.2445088624954224,5.256852626800537
pedalme,STGCN,DCRNN,0.6,rand,4,12,cubic,50,1.219807267189026,5.2818992137908936
pedalme,STGCN,DCRNN,0.6,rand,4,12,nearest,50,1.3804744482040403,5.479664325714111
pedalme,IT-STGCN,DCRNN,0.0,,4,12,,50,1.2509106397628784,6.408793449401856
pedalme,IT-STGCN,DCRNN,0.0,,4,12,,50,1.2449146509170532,7.569622993469238
pedalme,IT-STGCN,DCRNN,0.0,,4,12,,50,1.2193416357040403,8.289772510528564
pedalme,IT-STGCN,DCRNN,0.3,rand,4,12,linear,50,1.215139389038086,8.296095609664917
pedalme,IT-STGCN,DCRNN,0.3,rand,4,12,cubic,50,1.273844599723816,8.215147495269775
pedalme,IT-STGCN,DCRNN,0.3,rand,4,12,nearest,50,1.234491944313049,7.370765686035156
pedalme,IT-STGCN,DCRNN,0.4,rand,4,12,linear,50,1.206461787223816,7.664666175842285
pedalme,IT-STGCN,DCRNN,0.4,rand,4,12,cubic,50,1.215960144996643,8.029498100280762
pedalme,IT-STGCN,DCRNN,0.4,rand,4,12,nearest,50,1.218194603919983,7.510601043701172
pedalme,IT-STGCN,DCRNN,0.5,rand,4,12,linear,50,1.2383904457092283,6.709575414657593
pedalme,IT-STGCN,DCRNN,0.5,rand,4,12,cubic,50,1.2534399032592771,6.120606660842896
pedalme,IT-STGCN,DCRNN,0.5,rand,4,12,nearest,50,1.26835036277771,5.655377626419067
pedalme,IT-STGCN,DCRNN,0.6,rand,4,12,linear,50,1.2624319791793823,6.52413535118103
pedalme,IT-STGCN,DCRNN,0.6,rand,4,12,cubic,50,1.237518548965454,6.931025743484497
pedalme,IT-STGCN,DCRNN,0.6,rand,4,12,nearest,50,1.270406723022461,7.29581093788147
pedalme,STGCN,DCRNN,0.0,,4,12,,50,1.2232706546783447,6.2096028327941895
pedalme,STGCN,DCRNN,0.0,,4,12,,50,1.2067056894302368,6.211971282958984
pedalme,STGCN,DCRNN,0.0,,4,12,,50,1.2164252996444702,6.096381425857544
pedalme,STGCN,DCRNN,0.3,rand,4,12,linear,50,1.1703214645385742,6.66452169418335
pedalme,STGCN,DCRNN,0.3,rand,4,12,cubic,50,1.284190058708191,5.750674724578857
pedalme,STGCN,DCRNN,0.3,rand,4,12,nearest,50,1.208820104598999,5.836111307144165
pedalme,STGCN,DCRNN,0.4,rand,4,12,linear,50,1.2678552865982056,4.57233738899231
pedalme,STGCN,DCRNN,0.4,rand,4,12,cubic,50,1.3212649822235107,4.721878528594971
pedalme,STGCN,DCRNN,0.4,rand,4,12,nearest,50,1.2364708185195925,5.998054265975952
pedalme,STGCN,DCRNN,0.5,rand,4,12,linear,50,1.289031744003296,5.833839416503906
pedalme,STGCN,DCRNN,0.5,rand,4,12,cubic,50,1.2703381776809692,5.913489818572998
pedalme,STGCN,DCRNN,0.5,rand,4,12,nearest,50,1.3101773262023926,5.250980615615845
pedalme,STGCN,DCRNN,0.6,rand,4,12,linear,50,1.264593243598938,5.038779258728027
pedalme,STGCN,DCRNN,0.6,rand,4,12,cubic,50,1.1501458883285522,5.25702714920044
pedalme,STGCN,DCRNN,0.6,rand,4,12,nearest,50,1.2513067722320557,5.6547324657440186
pedalme,IT-STGCN,DCRNN,0.0,,4,12,,50,1.217122197151184,7.295858144760132
pedalme,IT-STGCN,DCRNN,0.0,,4,12,,50,1.2034107446670532,6.562884569168091
pedalme,IT-STGCN,DCRNN,0.0,,4,12,,50,1.20866858959198,6.138342618942261
pedalme,IT-STGCN,DCRNN,0.3,rand,4,12,linear,50,1.1942282915115356,6.91198205947876
pedalme,IT-STGCN,DCRNN,0.3,rand,4,12,cubic,50,1.2233959436416626,6.231905937194824
pedalme,IT-STGCN,DCRNN,0.3,rand,4,12,nearest,50,1.203441858291626,5.950476408004761
pedalme,IT-STGCN,DCRNN,0.4,rand,4,12,linear,50,1.2251216173171997,7.843100309371948
pedalme,IT-STGCN,DCRNN,0.4,rand,4,12,cubic,50,1.248290777206421,7.582739114761352
pedalme,IT-STGCN,DCRNN,0.4,rand,4,12,nearest,50,1.2566276788711548,7.742475748062134
pedalme,IT-STGCN,DCRNN,0.5,rand,4,12,linear,50,1.246792197227478,7.279711008071899
pedalme,IT-STGCN,DCRNN,0.5,rand,4,12,cubic,50,1.2156224250793457,7.214026212692261
pedalme,IT-STGCN,DCRNN,0.5,rand,4,12,nearest,50,1.2701232433319092,6.819761037826538
pedalme,IT-STGCN,DCRNN,0.6,rand,4,12,linear,50,1.2831366062164309,7.499144077301025
pedalme,IT-STGCN,DCRNN,0.6,rand,4,12,cubic,50,1.212096929550171,7.141689300537109
pedalme,IT-STGCN,DCRNN,0.6,rand,4,12,nearest,50,1.2187811136245728,7.181493043899536
pedalme,STGCN,DCRNN,0.0,,4,12,,50,1.1888047456741333,5.794492959976196
pedalme,STGCN,DCRNN,0.0,,4,12,,50,1.1923441886901855,5.471163034439087
pedalme,STGCN,DCRNN,0.0,,4,12,,50,1.1939351558685305,5.115415811538696
pedalme,STGCN,DCRNN,0.3,rand,4,12,linear,50,1.2406092882156372,5.892605543136597
pedalme,STGCN,DCRNN,0.3,rand,4,12,cubic,50,1.2906930446624756,5.894453763961792
pedalme,STGCN,DCRNN,0.3,rand,4,12,nearest,50,1.2344000339508057,6.296114206314087
pedalme,STGCN,DCRNN,0.4,rand,4,12,linear,50,1.1889195442199707,6.166980266571045
pedalme,STGCN,DCRNN,0.4,rand,4,12,cubic,50,1.1857950687408447,4.744519233703613
pedalme,STGCN,DCRNN,0.4,rand,4,12,nearest,50,1.2743126153945925,5.650078058242798
pedalme,STGCN,DCRNN,0.5,rand,4,12,linear,50,1.2887752056121826,5.781498432159424
pedalme,STGCN,DCRNN,0.5,rand,4,12,cubic,50,1.312751531600952,5.69905948638916
pedalme,STGCN,DCRNN,0.5,rand,4,12,nearest,50,1.2416532039642334,5.869036674499512
pedalme,STGCN,DCRNN,0.6,rand,4,12,linear,50,1.2993645668029783,5.538790464401245
pedalme,STGCN,DCRNN,0.6,rand,4,12,cubic,50,1.2146499156951904,5.768213987350464
pedalme,STGCN,DCRNN,0.6,rand,4,12,nearest,50,1.320647358894348,6.06868839263916
pedalme,IT-STGCN,DCRNN,0.0,,4,12,,50,1.1990400552749634,6.718366146087647
pedalme,IT-STGCN,DCRNN,0.0,,4,12,,50,1.1904919147491455,7.152764081954956
pedalme,IT-STGCN,DCRNN,0.0,,4,12,,50,1.2076666355133057,7.530127763748169
pedalme,IT-STGCN,DCRNN,0.3,rand,4,12,linear,50,1.2249197959899902,6.75900149345398
pedalme,IT-STGCN,DCRNN,0.3,rand,4,12,cubic,50,1.1840250492095947,5.851096391677856
pedalme,IT-STGCN,DCRNN,0.3,rand,4,12,nearest,50,1.324801325798035,7.633020639419556
pedalme,IT-STGCN,DCRNN,0.4,rand,4,12,linear,50,1.2308111190795898,7.400495290756226
pedalme,IT-STGCN,DCRNN,0.4,rand,4,12,cubic,50,1.2081055641174316,7.495370149612427
pedalme,IT-STGCN,DCRNN,0.4,rand,4,12,nearest,50,1.1696293354034424,7.417082548141479
pedalme,IT-STGCN,DCRNN,0.5,rand,4,12,linear,50,1.1852339506149292,8.171734809875488
pedalme,IT-STGCN,DCRNN,0.5,rand,4,12,cubic,50,1.2714958190917969,7.080034255981445
pedalme,IT-STGCN,DCRNN,0.5,rand,4,12,nearest,50,1.251772165298462,7.3797008991241455
pedalme,IT-STGCN,DCRNN,0.6,rand,4,12,linear,50,1.27825927734375,7.301989555358887
pedalme,IT-STGCN,DCRNN,0.6,rand,4,12,cubic,50,1.3308696746826172,8.81020474433899
pedalme,IT-STGCN,DCRNN,0.6,rand,4,12,nearest,50,1.2776836156845093,6.86278247833252
pedalme,STGCN,DCRNN,0.0,,4,12,,50,1.1988391876220703,6.753378629684448
pedalme,STGCN,DCRNN,0.0,,4,12,,50,1.1895737648010254,7.077784061431885
pedalme,STGCN,DCRNN,0.0,,4,12,,50,1.210045337677002,5.926025867462158
pedalme,STGCN,DCRNN,0.3,rand,4,12,linear,50,1.277872920036316,6.517539739608765
pedalme,STGCN,DCRNN,0.3,rand,4,12,cubic,50,1.3462897539138794,5.829508543014526
pedalme,STGCN,DCRNN,0.3,rand,4,12,nearest,50,1.214056372642517,4.796159982681274
pedalme,STGCN,DCRNN,0.4,rand,4,12,linear,50,1.191696286201477,5.45989203453064
pedalme,STGCN,DCRNN,0.4,rand,4,12,cubic,50,1.2690045833587646,5.55612063407898
pedalme,STGCN,DCRNN,0.4,rand,4,12,nearest,50,1.2121398448944092,6.134818315505981
pedalme,STGCN,DCRNN,0.5,rand,4,12,linear,50,1.2540669441223145,5.493492364883423
pedalme,STGCN,DCRNN,0.5,rand,4,12,cubic,50,1.2552167177200315,5.272840261459351
pedalme,STGCN,DCRNN,0.5,rand,4,12,nearest,50,1.260146975517273,5.458603620529175
pedalme,STGCN,DCRNN,0.6,rand,4,12,linear,50,1.2580103874206543,5.864245891571045
pedalme,STGCN,DCRNN,0.6,rand,4,12,cubic,50,1.6843154430389404,5.403521776199341
pedalme,STGCN,DCRNN,0.6,rand,4,12,nearest,50,1.239063024520874,5.483793020248413
pedalme,IT-STGCN,DCRNN,0.0,,4,12,,50,1.204745888710022,7.105652093887329
pedalme,IT-STGCN,DCRNN,0.0,,4,12,,50,1.163520336151123,7.859586954116821
pedalme,IT-STGCN,DCRNN,0.0,,4,12,,50,1.2244185209274292,7.698371171951294
pedalme,IT-STGCN,DCRNN,0.3,rand,4,12,linear,50,1.2204028367996216,7.361937761306763
pedalme,IT-STGCN,DCRNN,0.3,rand,4,12,cubic,50,1.2152230739593506,7.601205348968506
pedalme,IT-STGCN,DCRNN,0.3,rand,4,12,nearest,50,1.2452312707901,7.602504968643188
pedalme,IT-STGCN,DCRNN,0.4,rand,4,12,linear,50,1.1866687536239624,7.410147190093994
pedalme,IT-STGCN,DCRNN,0.4,rand,4,12,cubic,50,1.2148867845535278,7.192482233047485
pedalme,IT-STGCN,DCRNN,0.4,rand,4,12,nearest,50,1.29362690448761,6.959761619567871
pedalme,IT-STGCN,DCRNN,0.5,rand,4,12,linear,50,1.210377812385559,6.9100000858306885
pedalme,IT-STGCN,DCRNN,0.5,rand,4,12,cubic,50,1.2583152055740356,6.96435546875
pedalme,IT-STGCN,DCRNN,0.5,rand,4,12,nearest,50,1.2205359935760498,7.305034399032593
pedalme,IT-STGCN,DCRNN,0.6,rand,4,12,linear,50,1.2755577564239502,6.679466485977173
pedalme,IT-STGCN,DCRNN,0.6,rand,4,12,cubic,50,1.207735300064087,7.799633026123047
pedalme,IT-STGCN,DCRNN,0.6,rand,4,12,nearest,50,1.2473808526992798,7.437523365020752
pedalme,STGCN,DCRNN,0.0,,4,12,,50,1.1726558208465576,5.230858325958252
pedalme,STGCN,DCRNN,0.0,,4,12,,50,1.1854093074798584,5.0631866455078125
pedalme,STGCN,DCRNN,0.0,,4,12,,50,1.2753775119781494,5.804990291595459
pedalme,STGCN,DCRNN,0.3,rand,4,12,linear,50,1.2522809505462646,4.543928146362305
pedalme,STGCN,DCRNN,0.3,rand,4,12,cubic,50,1.2061783075332642,5.120636463165283
pedalme,STGCN,DCRNN,0.3,rand,4,12,nearest,50,1.236498475074768,5.342303037643433
pedalme,STGCN,DCRNN,0.4,rand,4,12,linear,50,1.232901096343994,6.634385108947754
pedalme,STGCN,DCRNN,0.4,rand,4,12,cubic,50,1.2421905994415283,6.258611917495728
pedalme,STGCN,DCRNN,0.4,rand,4,12,nearest,50,1.244382619857788,5.719838380813599
pedalme,STGCN,DCRNN,0.5,rand,4,12,linear,50,1.1977415084838867,5.725436210632324
pedalme,STGCN,DCRNN,0.5,rand,4,12,cubic,50,1.3715296983718872,6.09357762336731
pedalme,STGCN,DCRNN,0.5,rand,4,12,nearest,50,1.251406192779541,5.444517850875855
pedalme,STGCN,DCRNN,0.6,rand,4,12,linear,50,1.2518212795257568,5.186850786209106
pedalme,STGCN,DCRNN,0.6,rand,4,12,cubic,50,1.2422035932540894,5.82672905921936
pedalme,STGCN,DCRNN,0.6,rand,4,12,nearest,50,1.2321046590805054,5.713517427444458
pedalme,IT-STGCN,DCRNN,0.0,,4,12,,50,1.202360987663269,7.054655313491821
pedalme,IT-STGCN,DCRNN,0.0,,4,12,,50,1.233033537864685,6.756837606430054
pedalme,IT-STGCN,DCRNN,0.0,,4,12,,50,1.2140116691589355,7.362704992294311
pedalme,IT-STGCN,DCRNN,0.3,rand,4,12,linear,50,1.2226663827896118,5.957635641098023
pedalme,IT-STGCN,DCRNN,0.3,rand,4,12,cubic,50,1.1446582078933716,7.811195611953735
pedalme,IT-STGCN,DCRNN,0.3,rand,4,12,nearest,50,1.1743344068527222,7.551476240158081
pedalme,IT-STGCN,DCRNN,0.4,rand,4,12,linear,50,1.212597370147705,7.167994499206543
pedalme,IT-STGCN,DCRNN,0.4,rand,4,12,cubic,50,1.2391740083694458,7.300677537918091
pedalme,IT-STGCN,DCRNN,0.4,rand,4,12,nearest,50,1.1807812452316284,6.460775136947632
pedalme,IT-STGCN,DCRNN,0.5,rand,4,12,linear,50,1.2130752801895142,6.697608470916748
pedalme,IT-STGCN,DCRNN,0.5,rand,4,12,cubic,50,1.236370086669922,7.39809250831604
pedalme,IT-STGCN,DCRNN,0.5,rand,4,12,nearest,50,1.2761788368225098,7.721318244934082
pedalme,IT-STGCN,DCRNN,0.6,rand,4,12,linear,50,1.2987139225006104,7.028488159179688
pedalme,IT-STGCN,DCRNN,0.6,rand,4,12,cubic,50,1.27351975440979,7.013014078140259
pedalme,IT-STGCN,DCRNN,0.6,rand,4,12,nearest,50,1.2093251943588257,6.448779821395874
pedalme,STGCN,DCRNN,0.0,,4,12,,50,1.2417582273483276,5.668421506881714
pedalme,STGCN,DCRNN,0.0,,4,12,,50,1.212618350982666,5.404910326004028
pedalme,STGCN,DCRNN,0.0,,4,12,,50,1.1841199398040771,6.025641441345215
pedalme,STGCN,DCRNN,0.3,rand,4,12,linear,50,1.2165579795837402,5.589333295822144
pedalme,STGCN,DCRNN,0.3,rand,4,12,cubic,50,1.2322139739990234,6.419349193572998
pedalme,STGCN,DCRNN,0.3,rand,4,12,nearest,50,1.260324001312256,6.442535638809204
pedalme,STGCN,DCRNN,0.4,rand,4,12,linear,50,1.276313543319702,5.989341974258423
pedalme,STGCN,DCRNN,0.4,rand,4,12,cubic,50,1.3146884441375732,5.96347975730896
pedalme,STGCN,DCRNN,0.4,rand,4,12,nearest,50,1.1818032264709473,6.090154409408569
pedalme,STGCN,DCRNN,0.5,rand,4,12,linear,50,1.2781788110733032,5.270540237426758
pedalme,STGCN,DCRNN,0.5,rand,4,12,cubic,50,1.3275301456451416,5.633304119110107
pedalme,STGCN,DCRNN,0.5,rand,4,12,nearest,50,1.2805646657943726,5.08932089805603
pedalme,STGCN,DCRNN,0.6,rand,4,12,linear,50,1.274909496307373,6.034568786621094
pedalme,STGCN,DCRNN,0.6,rand,4,12,cubic,50,1.227624773979187,5.059321880340576
pedalme,STGCN,DCRNN,0.6,rand,4,12,nearest,50,1.2013674974441528,5.464130878448486
pedalme,IT-STGCN,DCRNN,0.0,,4,12,,50,1.208380103111267,7.319577693939209
pedalme,IT-STGCN,DCRNN,0.0,,4,12,,50,1.1697418689727783,7.289995431900024
pedalme,IT-STGCN,DCRNN,0.0,,4,12,,50,1.206396460533142,7.075850486755371
pedalme,IT-STGCN,DCRNN,0.3,rand,4,12,linear,50,1.2532801628112793,6.996325254440308
pedalme,IT-STGCN,DCRNN,0.3,rand,4,12,cubic,50,1.1918857097625732,7.286624193191528
pedalme,IT-STGCN,DCRNN,0.3,rand,4,12,nearest,50,1.1979106664657593,8.764524221420288
pedalme,IT-STGCN,DCRNN,0.4,rand,4,12,linear,50,1.2376909255981443,7.789661645889282
pedalme,IT-STGCN,DCRNN,0.4,rand,4,12,cubic,50,1.1411476135253906,6.543691396713257
pedalme,IT-STGCN,DCRNN,0.4,rand,4,12,nearest,50,1.221334457397461,7.543267250061035
pedalme,IT-STGCN,DCRNN,0.5,rand,4,12,linear,50,1.2237343788146973,7.465279579162598
pedalme,IT-STGCN,DCRNN,0.5,rand,4,12,cubic,50,1.2052736282348633,8.127873420715332
pedalme,IT-STGCN,DCRNN,0.5,rand,4,12,nearest,50,1.2166563272476196,7.833709716796875
pedalme,IT-STGCN,DCRNN,0.6,rand,4,12,linear,50,1.23204243183136,7.978110551834106
pedalme,IT-STGCN,DCRNN,0.6,rand,4,12,cubic,50,1.1814109086990356,8.203781127929688
pedalme,IT-STGCN,DCRNN,0.6,rand,4,12,nearest,50,1.2078295946121216,8.027932405471802
pedalme,STGCN,DCRNN,0.0,,4,12,,50,1.2005484104156494,5.771224498748779
pedalme,STGCN,DCRNN,0.0,,4,12,,50,1.2099570035934448,5.313081979751587
pedalme,STGCN,DCRNN,0.0,,4,12,,50,1.2005784511566162,5.857745409011841
pedalme,STGCN,DCRNN,0.3,rand,4,12,linear,50,1.206951379776001,5.178622961044312
pedalme,STGCN,DCRNN,0.3,rand,4,12,cubic,50,1.2168455123901367,6.338860273361206
pedalme,STGCN,DCRNN,0.3,rand,4,12,nearest,50,1.2710031270980835,6.018404006958008
pedalme,STGCN,DCRNN,0.4,rand,4,12,linear,50,1.230713129043579,5.36678409576416
pedalme,STGCN,DCRNN,0.4,rand,4,12,cubic,50,1.1884825229644775,5.364666938781738
pedalme,STGCN,DCRNN,0.4,rand,4,12,nearest,50,1.1956709623336792,6.448550224304199
pedalme,STGCN,DCRNN,0.5,rand,4,12,linear,50,1.2637090682983398,5.882707595825195
pedalme,STGCN,DCRNN,0.5,rand,4,12,cubic,50,1.2462987899780271,7.016238451004028
pedalme,STGCN,DCRNN,0.5,rand,4,12,nearest,50,1.2433393001556396,6.465974569320679
pedalme,STGCN,DCRNN,0.6,rand,4,12,linear,50,1.3059422969818115,4.727054119110107
pedalme,STGCN,DCRNN,0.6,rand,4,12,cubic,50,1.2963913679122925,4.479949951171875
pedalme,STGCN,DCRNN,0.6,rand,4,12,nearest,50,1.2624022960662842,5.680614948272705
pedalme,IT-STGCN,DCRNN,0.0,,4,12,,50,1.203505039215088,6.367193222045898
pedalme,IT-STGCN,DCRNN,0.0,,4,12,,50,1.1838363409042358,7.178230047225952
pedalme,IT-STGCN,DCRNN,0.0,,4,12,,50,1.1821991205215454,6.786952257156372
pedalme,IT-STGCN,DCRNN,0.3,rand,4,12,linear,50,1.2407187223434448,6.428837060928345
pedalme,IT-STGCN,DCRNN,0.3,rand,4,12,cubic,50,1.215078592300415,6.868003129959106
pedalme,IT-STGCN,DCRNN,0.3,rand,4,12,nearest,50,1.2236422300338743,7.270738124847412
pedalme,IT-STGCN,DCRNN,0.4,rand,4,12,linear,50,1.21888530254364,5.893868684768677
pedalme,IT-STGCN,DCRNN,0.4,rand,4,12,cubic,50,1.265421986579895,6.449176073074341
pedalme,IT-STGCN,DCRNN,0.4,rand,4,12,nearest,50,1.2310856580734253,7.379550218582153
pedalme,IT-STGCN,DCRNN,0.5,rand,4,12,linear,50,1.2520723342895508,7.429405927658081
pedalme,IT-STGCN,DCRNN,0.5,rand,4,12,cubic,50,1.2833625078201294,7.416054725646973
pedalme,IT-STGCN,DCRNN,0.5,rand,4,12,nearest,50,1.1914379596710205,6.541692733764648
pedalme,IT-STGCN,DCRNN,0.6,rand,4,12,linear,50,1.1735366582870483,6.970387935638428
pedalme,IT-STGCN,DCRNN,0.6,rand,4,12,cubic,50,1.2982447147369385,6.644384860992432
pedalme,IT-STGCN,DCRNN,0.6,rand,4,12,nearest,50,1.2086080312728882,6.867434740066528
pedalme,STGCN,DCRNN,0.0,,4,12,,50,1.2128084897994995,6.2055418491363525
pedalme,STGCN,DCRNN,0.0,,4,12,,50,1.1877130270004272,5.6316869258880615
pedalme,STGCN,DCRNN,0.0,,4,12,,50,1.2092574834823608,5.468913555145264
pedalme,STGCN,DCRNN,0.3,rand,4,12,linear,50,1.2525852918624878,4.574737071990967
pedalme,STGCN,DCRNN,0.3,rand,4,12,cubic,50,1.2563424110412598,5.0861732959747314
pedalme,STGCN,DCRNN,0.3,rand,4,12,nearest,50,1.247504949569702,4.798234939575195
pedalme,STGCN,DCRNN,0.4,rand,4,12,linear,50,1.2863311767578125,5.225870609283447
pedalme,STGCN,DCRNN,0.4,rand,4,12,cubic,50,1.2986804246902466,5.866621732711792
pedalme,STGCN,DCRNN,0.4,rand,4,12,nearest,50,1.2380543947219849,5.346889495849609
pedalme,STGCN,DCRNN,0.5,rand,4,12,linear,50,1.20352303981781,5.872625827789307
pedalme,STGCN,DCRNN,0.5,rand,4,12,cubic,50,1.268121361732483,5.595044374465942
pedalme,STGCN,DCRNN,0.5,rand,4,12,nearest,50,1.2304143905639648,5.4271979331970215
pedalme,STGCN,DCRNN,0.6,rand,4,12,linear,50,1.2998154163360596,4.733838796615601
pedalme,STGCN,DCRNN,0.6,rand,4,12,cubic,50,1.6151896715164185,5.982818603515625
pedalme,STGCN,DCRNN,0.6,rand,4,12,nearest,50,1.2333731651306152,4.618847846984863
pedalme,IT-STGCN,DCRNN,0.0,,4,12,,50,1.2076865434646606,6.663413286209106
pedalme,IT-STGCN,DCRNN,0.0,,4,12,,50,1.1992299556732178,7.713797330856323
pedalme,IT-STGCN,DCRNN,0.0,,4,12,,50,1.1970359086990356,7.13320255279541
pedalme,IT-STGCN,DCRNN,0.3,rand,4,12,linear,50,1.2037895917892456,7.231535911560059
pedalme,IT-STGCN,DCRNN,0.3,rand,4,12,cubic,50,1.2018858194351196,6.917313098907471
pedalme,IT-STGCN,DCRNN,0.3,rand,4,12,nearest,50,1.2452659606933594,7.312256813049316
pedalme,IT-STGCN,DCRNN,0.4,rand,4,12,linear,50,1.2214083671569824,7.04272985458374
pedalme,IT-STGCN,DCRNN,0.4,rand,4,12,cubic,50,1.2400944232940674,7.428031206130981
pedalme,IT-STGCN,DCRNN,0.4,rand,4,12,nearest,50,1.221163272857666,7.06123685836792
pedalme,IT-STGCN,DCRNN,0.5,rand,4,12,linear,50,1.1925044059753418,6.932082176208496
pedalme,IT-STGCN,DCRNN,0.5,rand,4,12,cubic,50,1.255200743675232,6.903456926345825
pedalme,IT-STGCN,DCRNN,0.5,rand,4,12,nearest,50,1.2150416374206543,7.271591424942017
pedalme,IT-STGCN,DCRNN,0.6,rand,4,12,linear,50,1.2131744623184204,7.476461410522461
pedalme,IT-STGCN,DCRNN,0.6,rand,4,12,cubic,50,1.3515560626983645,7.280070304870605
pedalme,IT-STGCN,DCRNN,0.6,rand,4,12,nearest,50,1.2769522666931152,7.706819534301758
pedalme,STGCN,DCRNN,0.0,,4,12,,50,1.2048720121383667,6.1858069896698
pedalme,STGCN,DCRNN,0.0,,4,12,,50,1.202549934387207,5.948396921157837
pedalme,STGCN,DCRNN,0.0,,4,12,,50,1.1821699142456057,5.802948236465454
pedalme,STGCN,DCRNN,0.3,rand,4,12,linear,50,1.2495561838150024,4.823750734329224
pedalme,STGCN,DCRNN,0.3,rand,4,12,cubic,50,1.2691516876220703,5.644914627075195
pedalme,STGCN,DCRNN,0.3,rand,4,12,nearest,50,1.1902766227722168,5.290142059326172
pedalme,STGCN,DCRNN,0.4,rand,4,12,linear,50,1.235952854156494,5.672593355178833
pedalme,STGCN,DCRNN,0.4,rand,4,12,cubic,50,1.1998093128204346,5.572870016098023
pedalme,STGCN,DCRNN,0.4,rand,4,12,nearest,50,1.2559195756912231,5.501030445098877
pedalme,STGCN,DCRNN,0.5,rand,4,12,linear,50,1.363533854484558,5.456301689147949
pedalme,STGCN,DCRNN,0.5,rand,4,12,cubic,50,1.1931896209716797,6.319980382919312
pedalme,STGCN,DCRNN,0.5,rand,4,12,nearest,50,1.2858814001083374,7.209535360336304
pedalme,STGCN,DCRNN,0.6,rand,4,12,linear,50,1.311699390411377,6.3988800048828125
pedalme,STGCN,DCRNN,0.6,rand,4,12,cubic,50,1.3932058811187744,6.940509557723999
pedalme,STGCN,DCRNN,0.6,rand,4,12,nearest,50,1.290493369102478,6.380230665206909
pedalme,IT-STGCN,DCRNN,0.0,,4,12,,50,1.1775318384170532,6.3270103931427
pedalme,IT-STGCN,DCRNN,0.0,,4,12,,50,1.1843137741088867,7.276309251785278
pedalme,IT-STGCN,DCRNN,0.0,,4,12,,50,1.2272799015045166,7.550752639770508
pedalme,IT-STGCN,DCRNN,0.3,rand,4,12,linear,50,1.2490726709365845,7.137899160385132
pedalme,IT-STGCN,DCRNN,0.3,rand,4,12,cubic,50,1.2638098001480105,6.758877992630005
pedalme,IT-STGCN,DCRNN,0.3,rand,4,12,nearest,50,1.229832410812378,7.077937841415405
pedalme,IT-STGCN,DCRNN,0.4,rand,4,12,linear,50,1.2123875617980957,7.363525629043579
pedalme,IT-STGCN,DCRNN,0.4,rand,4,12,cubic,50,1.2954216003417969,7.614669561386108
pedalme,IT-STGCN,DCRNN,0.4,rand,4,12,nearest,50,1.2519580125808716,7.550059795379639
pedalme,IT-STGCN,DCRNN,0.5,rand,4,12,linear,50,1.2014291286468506,8.2132089138031
pedalme,IT-STGCN,DCRNN,0.5,rand,4,12,cubic,50,1.2816548347473145,8.331097841262817
pedalme,IT-STGCN,DCRNN,0.5,rand,4,12,nearest,50,1.216854453086853,7.48757791519165
pedalme,IT-STGCN,DCRNN,0.6,rand,4,12,linear,50,1.2416375875473022,9.020596742630005
pedalme,IT-STGCN,DCRNN,0.6,rand,4,12,cubic,50,1.2785683870315552,8.176206827163696
pedalme,IT-STGCN,DCRNN,0.6,rand,4,12,nearest,50,1.2072584629058838,8.210656642913818
pedalme,STGCN,DCRNN,0.0,,4,12,,50,1.1965075731277466,6.098695993423462
pedalme,STGCN,DCRNN,0.0,,4,12,,50,1.181462645530701,6.482470750808716
pedalme,STGCN,DCRNN,0.0,,4,12,,50,1.198244333267212,5.959573984146118
pedalme,STGCN,DCRNN,0.3,rand,4,12,linear,50,1.219788670539856,5.4732346534729
pedalme,STGCN,DCRNN,0.3,rand,4,12,cubic,50,1.2481502294540403,6.600775003433228
pedalme,STGCN,DCRNN,0.3,rand,4,12,nearest,50,1.202434778213501,6.2653021812438965
pedalme,STGCN,DCRNN,0.4,rand,4,12,linear,50,1.2967729568481443,6.954902410507202
pedalme,STGCN,DCRNN,0.4,rand,4,12,cubic,50,1.2269039154052734,7.231233596801758
pedalme,STGCN,DCRNN,0.4,rand,4,12,nearest,50,1.3141813278198242,6.719515800476074
pedalme,STGCN,DCRNN,0.5,rand,4,12,linear,50,1.2471204996109009,6.667629957199097
pedalme,STGCN,DCRNN,0.5,rand,4,12,cubic,50,1.215759515762329,7.087928056716919
pedalme,STGCN,DCRNN,0.5,rand,4,12,nearest,50,1.2457773685455322,6.136132001876831
pedalme,STGCN,DCRNN,0.6,rand,4,12,linear,50,1.2738326787948608,6.455498695373535
pedalme,STGCN,DCRNN,0.6,rand,4,12,cubic,50,1.094568133354187,5.846826791763306
pedalme,STGCN,DCRNN,0.6,rand,4,12,nearest,50,1.2756770849227903,6.801181793212891
pedalme,IT-STGCN,DCRNN,0.0,,4,12,,50,1.228976845741272,8.321406841278076
pedalme,IT-STGCN,DCRNN,0.0,,4,12,,50,1.1947604417800903,7.691638708114624
pedalme,IT-STGCN,DCRNN,0.0,,4,12,,50,1.219526290893555,7.47463846206665
pedalme,IT-STGCN,DCRNN,0.3,rand,4,12,linear,50,1.216229796409607,7.655595541000366
pedalme,IT-STGCN,DCRNN,0.3,rand,4,12,cubic,50,1.2311794757843018,7.985167741775513
pedalme,IT-STGCN,DCRNN,0.3,rand,4,12,nearest,50,1.2381967306137085,7.806410789489746
pedalme,IT-STGCN,DCRNN,0.4,rand,4,12,linear,50,1.2213778495788574,8.477734327316284
pedalme,IT-STGCN,DCRNN,0.4,rand,4,12,cubic,50,1.1884478330612185,8.579409837722778
pedalme,IT-STGCN,DCRNN,0.4,rand,4,12,nearest,50,1.2528996467590332,6.353662252426148
pedalme,IT-STGCN,DCRNN,0.5,rand,4,12,linear,50,1.273951530456543,6.66893482208252
pedalme,IT-STGCN,DCRNN,0.5,rand,4,12,cubic,50,1.3476290702819824,6.7669677734375
pedalme,IT-STGCN,DCRNN,0.5,rand,4,12,nearest,50,1.2847211360931396,7.262519598007202
pedalme,IT-STGCN,DCRNN,0.6,rand,4,12,linear,50,1.248238205909729,8.004726648330688
pedalme,IT-STGCN,DCRNN,0.6,rand,4,12,cubic,50,1.2478795051574707,6.061052083969116
pedalme,IT-STGCN,DCRNN,0.6,rand,4,12,nearest,50,1.3063290119171145,6.316598892211914
pedalme,STGCN,DCRNN,0.0,,4,12,,50,1.2212610244750977,5.79205846786499
pedalme,STGCN,DCRNN,0.0,,4,12,,50,1.1907825469970703,5.699198961257935
pedalme,STGCN,DCRNN,0.0,,4,12,,50,1.1800318956375122,6.4909515380859375
pedalme,STGCN,DCRNN,0.3,rand,4,12,linear,50,1.2186527252197266,5.192249536514282
pedalme,STGCN,DCRNN,0.3,rand,4,12,cubic,50,1.243274450302124,6.533411264419556
pedalme,STGCN,DCRNN,0.3,rand,4,12,nearest,50,1.264777898788452,7.131913185119629
pedalme,STGCN,DCRNN,0.4,rand,4,12,linear,50,1.240096926689148,6.828539133071899
pedalme,STGCN,DCRNN,0.4,rand,4,12,cubic,50,1.2508227825164795,7.211224555969238
pedalme,STGCN,DCRNN,0.4,rand,4,12,nearest,50,1.2716315984725952,6.807098150253296
pedalme,STGCN,DCRNN,0.5,rand,4,12,linear,50,1.3568750619888306,6.995991945266724
pedalme,STGCN,DCRNN,0.5,rand,4,12,cubic,50,1.248612880706787,6.218071699142456
pedalme,STGCN,DCRNN,0.5,rand,4,12,nearest,50,1.2403969764709473,5.96575927734375
pedalme,STGCN,DCRNN,0.6,rand,4,12,linear,50,1.3013449907302856,5.678529262542725
pedalme,STGCN,DCRNN,0.6,rand,4,12,cubic,50,1.3243814706802368,6.217027187347412
pedalme,STGCN,DCRNN,0.6,rand,4,12,nearest,50,1.336865782737732,6.126786470413208
pedalme,IT-STGCN,DCRNN,0.0,,4,12,,50,1.18659508228302,7.347568035125732
pedalme,IT-STGCN,DCRNN,0.0,,4,12,,50,1.220383882522583,7.057348966598511
pedalme,IT-STGCN,DCRNN,0.0,,4,12,,50,1.22989821434021,7.678210735321045
pedalme,IT-STGCN,DCRNN,0.3,rand,4,12,linear,50,1.2662055492401123,7.758502006530762
pedalme,IT-STGCN,DCRNN,0.3,rand,4,12,cubic,50,1.262581467628479,6.209453821182251
pedalme,IT-STGCN,DCRNN,0.3,rand,4,12,nearest,50,1.2697840929031372,6.703401565551758
pedalme,IT-STGCN,DCRNN,0.4,rand,4,12,linear,50,1.2311244010925293,7.670561790466309
pedalme,IT-STGCN,DCRNN,0.4,rand,4,12,cubic,50,1.2627617120742798,7.640623092651367
pedalme,IT-STGCN,DCRNN,0.4,rand,4,12,nearest,50,1.2598901987075806,7.14460825920105
pedalme,IT-STGCN,DCRNN,0.5,rand,4,12,linear,50,1.251528024673462,7.958466291427612
pedalme,IT-STGCN,DCRNN,0.5,rand,4,12,cubic,50,1.245936632156372,8.12472939491272
pedalme,IT-STGCN,DCRNN,0.5,rand,4,12,nearest,50,1.2540911436080933,8.269636631011963
pedalme,IT-STGCN,DCRNN,0.6,rand,4,12,linear,50,1.2445054054260254,7.311157941818237
pedalme,IT-STGCN,DCRNN,0.6,rand,4,12,cubic,50,1.426444172859192,7.150415658950806
pedalme,IT-STGCN,DCRNN,0.6,rand,4,12,nearest,50,1.268484592437744,6.908658266067505
pedalme,STGCN,DCRNN,0.0,,4,12,,50,1.2371704578399658,4.491407871246338
pedalme,STGCN,DCRNN,0.0,,4,12,,50,1.1926113367080688,6.312204360961914
pedalme,STGCN,DCRNN,0.0,,4,12,,50,1.191091537475586,6.02935791015625
pedalme,STGCN,DCRNN,0.3,rand,4,12,linear,50,1.286881685256958,5.387369871139526
pedalme,STGCN,DCRNN,0.3,rand,4,12,cubic,50,1.1916608810424805,4.689658880233765
pedalme,STGCN,DCRNN,0.3,rand,4,12,nearest,50,1.2170627117156982,5.644922733306885
pedalme,STGCN,DCRNN,0.4,rand,4,12,linear,50,1.2676855325698853,6.238345146179199
pedalme,STGCN,DCRNN,0.4,rand,4,12,cubic,50,1.235189437866211,5.979235410690308
pedalme,STGCN,DCRNN,0.4,rand,4,12,nearest,50,1.2188342809677124,6.908192157745361
pedalme,STGCN,DCRNN,0.5,rand,4,12,linear,50,1.2269766330718994,6.732354640960693
pedalme,STGCN,DCRNN,0.5,rand,4,12,cubic,50,1.3186084032058716,5.730314493179321
pedalme,STGCN,DCRNN,0.5,rand,4,12,nearest,50,1.2478523254394531,5.403299570083618
pedalme,STGCN,DCRNN,0.6,rand,4,12,linear,50,1.3087832927703855,5.783297538757324
pedalme,STGCN,DCRNN,0.6,rand,4,12,cubic,50,1.1363948583602903,5.799666166305542
pedalme,STGCN,DCRNN,0.6,rand,4,12,nearest,50,1.3386090993881226,5.920862197875977
pedalme,IT-STGCN,DCRNN,0.0,,4,12,,50,1.2519460916519165,7.780287027359009
pedalme,IT-STGCN,DCRNN,0.0,,4,12,,50,1.214339256286621,6.503188848495483
pedalme,IT-STGCN,DCRNN,0.0,,4,12,,50,1.2044371366500854,6.770991802215576
pedalme,IT-STGCN,DCRNN,0.3,rand,4,12,linear,50,1.2020939588546753,6.6937761306762695
pedalme,IT-STGCN,DCRNN,0.3,rand,4,12,cubic,50,1.18492591381073,7.852627038955688
pedalme,IT-STGCN,DCRNN,0.3,rand,4,12,nearest,50,1.2322574853897097,7.801887273788452
pedalme,IT-STGCN,DCRNN,0.4,rand,4,12,linear,50,1.1899662017822266,6.82597017288208
pedalme,IT-STGCN,DCRNN,0.4,rand,4,12,cubic,50,1.2283177375793457,7.872600555419922
pedalme,IT-STGCN,DCRNN,0.4,rand,4,12,nearest,50,1.2787965536117554,7.548089265823364
pedalme,IT-STGCN,DCRNN,0.5,rand,4,12,linear,50,1.3045393228530884,7.934405565261841
pedalme,IT-STGCN,DCRNN,0.5,rand,4,12,cubic,50,1.2456762790679932,7.8554604053497314
pedalme,IT-STGCN,DCRNN,0.5,rand,4,12,nearest,50,1.2064907550811768,7.42268443107605
pedalme,IT-STGCN,DCRNN,0.6,rand,4,12,linear,50,1.2178183794021606,7.593418598175049
pedalme,IT-STGCN,DCRNN,0.6,rand,4,12,cubic,50,1.279570460319519,7.493031740188599
pedalme,IT-STGCN,DCRNN,0.6,rand,4,12,nearest,50,1.2344845533370972,7.591867446899414
pedalme,STGCN,DCRNN,0.0,,4,12,,50,1.2053300142288208,5.472152233123779
pedalme,STGCN,DCRNN,0.0,,4,12,,50,1.2009795904159546,5.313445329666138
pedalme,STGCN,DCRNN,0.0,,4,12,,50,1.2240426540374756,5.444913864135742
pedalme,STGCN,DCRNN,0.3,rand,4,12,linear,50,1.218050479888916,5.299843311309815
pedalme,STGCN,DCRNN,0.3,rand,4,12,cubic,50,1.224770426750183,5.374038457870483
pedalme,STGCN,DCRNN,0.3,rand,4,12,nearest,50,1.2571098804473877,5.087817668914795
pedalme,STGCN,DCRNN,0.4,rand,4,12,linear,50,1.2155059576034546,4.378998756408691
pedalme,STGCN,DCRNN,0.4,rand,4,12,cubic,50,1.2321606874465942,5.504940271377564
pedalme,STGCN,DCRNN,0.4,rand,4,12,nearest,50,1.2172811031341553,5.998660087585449
pedalme,STGCN,DCRNN,0.5,rand,4,12,linear,50,1.339289665222168,5.691570043563843
pedalme,STGCN,DCRNN,0.5,rand,4,12,cubic,50,1.4300177097320557,5.735481262207031
pedalme,STGCN,DCRNN,0.5,rand,4,12,nearest,50,1.3780325651168823,5.64017653465271
pedalme,STGCN,DCRNN,0.6,rand,4,12,linear,50,1.257585048675537,6.248876571655273
pedalme,STGCN,DCRNN,0.6,rand,4,12,cubic,50,1.338518142700195,5.5864880084991455
pedalme,STGCN,DCRNN,0.6,rand,4,12,nearest,50,1.3274588584899902,5.715334892272949
pedalme,IT-STGCN,DCRNN,0.0,,4,12,,50,1.213082790374756,7.195251226425171
pedalme,IT-STGCN,DCRNN,0.0,,4,12,,50,1.1730669736862185,7.336224794387817
pedalme,IT-STGCN,DCRNN,0.0,,4,12,,50,1.2327148914337158,7.846674919128418
pedalme,IT-STGCN,DCRNN,0.3,rand,4,12,linear,50,1.2138972282409668,7.68790340423584
pedalme,IT-STGCN,DCRNN,0.3,rand,4,12,cubic,50,1.2320568561553955,7.635915279388428
pedalme,IT-STGCN,DCRNN,0.3,rand,4,12,nearest,50,1.2079733610153198,7.137441873550415
pedalme,IT-STGCN,DCRNN,0.4,rand,4,12,linear,50,1.1793596744537354,7.152095079421997
pedalme,IT-STGCN,DCRNN,0.4,rand,4,12,cubic,50,1.2543480396270752,7.92449164390564
pedalme,IT-STGCN,DCRNN,0.4,rand,4,12,nearest,50,1.2313708066940308,7.613303899765015
pedalme,IT-STGCN,DCRNN,0.5,rand,4,12,linear,50,1.265291452407837,7.482564687728882
pedalme,IT-STGCN,DCRNN,0.5,rand,4,12,cubic,50,1.214822769165039,7.486328125
pedalme,IT-STGCN,DCRNN,0.5,rand,4,12,nearest,50,1.2286995649337769,7.245959043502808
pedalme,IT-STGCN,DCRNN,0.6,rand,4,12,linear,50,1.246684432029724,7.793166637420654
pedalme,IT-STGCN,DCRNN,0.6,rand,4,12,cubic,50,1.2354025840759275,8.583811283111572
pedalme,IT-STGCN,DCRNN,0.6,rand,4,12,nearest,50,1.228121995925903,7.115862607955933
pedalme,STGCN,DCRNN,0.0,,4,12,,50,1.1944917440414429,5.621711492538452
pedalme,STGCN,DCRNN,0.0,,4,12,,50,1.1948360204696655,5.541264057159424
pedalme,STGCN,DCRNN,0.0,,4,12,,50,1.2007802724838257,5.395423173904419
pedalme,STGCN,DCRNN,0.3,rand,4,12,linear,50,1.2411375045776367,5.789567232131958
pedalme,STGCN,DCRNN,0.3,rand,4,12,cubic,50,1.2176555395126345,5.795700311660767
pedalme,STGCN,DCRNN,0.3,rand,4,12,nearest,50,1.2420991659164429,5.57800817489624
pedalme,STGCN,DCRNN,0.4,rand,4,12,linear,50,1.308857560157776,5.794828653335571
pedalme,STGCN,DCRNN,0.4,rand,4,12,cubic,50,1.2110333442687988,5.692315340042114
pedalme,STGCN,DCRNN,0.4,rand,4,12,nearest,50,1.262594223022461,5.6912829875946045
pedalme,STGCN,DCRNN,0.5,rand,4,12,linear,50,1.224987506866455,6.435367107391357
pedalme,STGCN,DCRNN,0.5,rand,4,12,cubic,50,1.2771352529525757,5.652892112731934
pedalme,STGCN,DCRNN,0.5,rand,4,12,nearest,50,1.249125838279724,6.38617730140686
pedalme,STGCN,DCRNN,0.6,rand,4,12,linear,50,1.2417488098144531,6.019681215286255
pedalme,STGCN,DCRNN,0.6,rand,4,12,cubic,50,1.265588641166687,5.022818803787232
pedalme,STGCN,DCRNN,0.6,rand,4,12,nearest,50,1.2428184747695925,5.368958473205566
pedalme,IT-STGCN,DCRNN,0.0,,4,12,,50,1.187019944190979,7.214915990829468
pedalme,IT-STGCN,DCRNN,0.0,,4,12,,50,1.1864569187164309,6.971089839935303
pedalme,IT-STGCN,DCRNN,0.0,,4,12,,50,1.1952728033065796,6.8343665599823
pedalme,IT-STGCN,DCRNN,0.3,rand,4,12,linear,50,1.2483831644058228,6.753928899765015
pedalme,IT-STGCN,DCRNN,0.3,rand,4,12,cubic,50,1.2498140335083008,7.286344289779663
pedalme,IT-STGCN,DCRNN,0.3,rand,4,12,nearest,50,1.2691471576690674,7.299388885498047
pedalme,IT-STGCN,DCRNN,0.4,rand,4,12,linear,50,1.2523741722106934,7.183579206466675
pedalme,IT-STGCN,DCRNN,0.4,rand,4,12,cubic,50,1.242650032043457,7.63531756401062
pedalme,IT-STGCN,DCRNN,0.4,rand,4,12,nearest,50,1.2430391311645508,7.860488414764404
pedalme,IT-STGCN,DCRNN,0.5,rand,4,12,linear,50,1.2232166528701782,8.228192806243896
pedalme,IT-STGCN,DCRNN,0.5,rand,4,12,cubic,50,1.2823445796966553,7.865105867385864
pedalme,IT-STGCN,DCRNN,0.5,rand,4,12,nearest,50,1.2401041984558103,7.400727033615112
pedalme,IT-STGCN,DCRNN,0.6,rand,4,12,linear,50,1.2420010566711426,7.439620971679687
pedalme,IT-STGCN,DCRNN,0.6,rand,4,12,cubic,50,1.3193122148513794,7.1230902671813965
pedalme,IT-STGCN,DCRNN,0.6,rand,4,12,nearest,50,1.331271767616272,6.438001871109009
pedalme,STGCN,DCRNN,0.0,,4,12,,50,1.2463510036468506,5.135828495025635
pedalme,STGCN,DCRNN,0.0,,4,12,,50,1.2045058012008667,4.977303981781006
pedalme,STGCN,DCRNN,0.0,,4,12,,50,1.2148358821868896,5.691488265991211
pedalme,STGCN,DCRNN,0.3,rand,4,12,linear,50,1.211680889129639,6.0552380084991455
pedalme,STGCN,DCRNN,0.3,rand,4,12,cubic,50,1.2808347940444946,5.896577119827271
pedalme,STGCN,DCRNN,0.3,rand,4,12,nearest,50,1.2146791219711304,4.951808452606201
pedalme,STGCN,DCRNN,0.4,rand,4,12,linear,50,1.2855418920516968,5.521534204483032
pedalme,STGCN,DCRNN,0.4,rand,4,12,cubic,50,1.3151850700378418,5.294967651367188
pedalme,STGCN,DCRNN,0.4,rand,4,12,nearest,50,1.2180156707763672,5.705568313598633
pedalme,STGCN,DCRNN,0.5,rand,4,12,linear,50,1.3193000555038452,6.230736017227173
pedalme,STGCN,DCRNN,0.5,rand,4,12,cubic,50,1.655693531036377,6.027303218841553
pedalme,STGCN,DCRNN,0.5,rand,4,12,nearest,50,1.250200867652893,5.688123464584351
pedalme,STGCN,DCRNN,0.6,rand,4,12,linear,50,1.2361209392547607,5.914698362350464
pedalme,STGCN,DCRNN,0.6,rand,4,12,cubic,50,1.2453625202178955,5.459796905517578
pedalme,STGCN,DCRNN,0.6,rand,4,12,nearest,50,1.3016624450683594,5.383315086364746
pedalme,IT-STGCN,DCRNN,0.0,,4,12,,50,1.211322546005249,6.629994630813599
pedalme,IT-STGCN,DCRNN,0.0,,4,12,,50,1.1759686470031738,6.753967523574829
pedalme,IT-STGCN,DCRNN,0.0,,4,12,,50,1.1805099248886108,6.269793748855591
pedalme,IT-STGCN,DCRNN,0.3,rand,4,12,linear,50,1.2398895025253296,6.97138237953186
pedalme,IT-STGCN,DCRNN,0.3,rand,4,12,cubic,50,1.2112547159194946,7.556473016738892
pedalme,IT-STGCN,DCRNN,0.3,rand,4,12,nearest,50,1.1963980197906494,6.897037506103516
pedalme,IT-STGCN,DCRNN,0.4,rand,4,12,linear,50,1.3339025974273682,7.135313034057617
pedalme,IT-STGCN,DCRNN,0.4,rand,4,12,cubic,50,1.2762824296951294,7.445999622344971
pedalme,IT-STGCN,DCRNN,0.4,rand,4,12,nearest,50,1.170202612876892,8.474243640899658
pedalme,IT-STGCN,DCRNN,0.5,rand,4,12,linear,50,1.31278657913208,7.954406023025513
pedalme,IT-STGCN,DCRNN,0.5,rand,4,12,cubic,50,1.2378515005111694,7.258070230484009
pedalme,IT-STGCN,DCRNN,0.5,rand,4,12,nearest,50,1.2306132316589355,7.031477212905884
pedalme,IT-STGCN,DCRNN,0.6,rand,4,12,linear,50,1.2196375131607056,8.110970973968506
pedalme,IT-STGCN,DCRNN,0.6,rand,4,12,cubic,50,1.2732619047164917,7.405384540557861
pedalme,IT-STGCN,DCRNN,0.6,rand,4,12,nearest,50,1.25837242603302,7.233170986175537
pedalme,STGCN,DCRNN,0.0,,4,12,,50,1.2004785537719729,5.911377191543579
pedalme,STGCN,DCRNN,0.0,,4,12,,50,1.2025357484817505,5.932173252105713
pedalme,STGCN,DCRNN,0.0,,4,12,,50,1.163893461227417,6.509525775909424
pedalme,STGCN,DCRNN,0.3,rand,4,12,linear,50,1.2324497699737549,6.018115043640137
pedalme,STGCN,DCRNN,0.3,rand,4,12,cubic,50,1.2495886087417605,5.867173910140991
pedalme,STGCN,DCRNN,0.3,rand,4,12,nearest,50,1.1851221323013306,6.040988206863403
pedalme,STGCN,DCRNN,0.4,rand,4,12,linear,50,1.2614387273788452,5.658879995346069
pedalme,STGCN,DCRNN,0.4,rand,4,12,cubic,50,1.2215023040771484,4.993477582931519
pedalme,STGCN,DCRNN,0.4,rand,4,12,nearest,50,1.2953732013702393,5.210206508636475
pedalme,STGCN,DCRNN,0.5,rand,4,12,linear,50,1.205419898033142,5.498822212219238
pedalme,STGCN,DCRNN,0.5,rand,4,12,cubic,50,1.1837975978851318,5.281516075134277
pedalme,STGCN,DCRNN,0.5,rand,4,12,nearest,50,1.2670834064483645,4.606223344802856
pedalme,STGCN,DCRNN,0.6,rand,4,12,linear,50,1.2315386533737185,4.177152395248413
pedalme,STGCN,DCRNN,0.6,rand,4,12,cubic,50,1.2517956495285034,5.449935436248779
pedalme,STGCN,DCRNN,0.6,rand,4,12,nearest,50,1.3665236234664917,5.982162237167358
pedalme,IT-STGCN,DCRNN,0.0,,4,12,,50,1.2031112909317017,7.103374481201172
pedalme,IT-STGCN,DCRNN,0.0,,4,12,,50,1.199748992919922,7.584617614746094
pedalme,IT-STGCN,DCRNN,0.0,,4,12,,50,1.1790188550949097,7.787200212478638
pedalme,IT-STGCN,DCRNN,0.3,rand,4,12,linear,50,1.271462321281433,7.320094108581543
pedalme,IT-STGCN,DCRNN,0.3,rand,4,12,cubic,50,1.209652543067932,7.835380792617798
pedalme,IT-STGCN,DCRNN,0.3,rand,4,12,nearest,50,1.1865527629852295,8.714991807937622
pedalme,IT-STGCN,DCRNN,0.4,rand,4,12,linear,50,1.2299751043319702,7.458796977996826
pedalme,IT-STGCN,DCRNN,0.4,rand,4,12,cubic,50,1.2031245231628418,7.421599864959717
pedalme,IT-STGCN,DCRNN,0.4,rand,4,12,nearest,50,1.2581433057785034,7.370782852172852
pedalme,IT-STGCN,DCRNN,0.5,rand,4,12,linear,50,1.3071980476379397,5.428937673568726
pedalme,IT-STGCN,DCRNN,0.5,rand,4,12,cubic,50,1.203998565673828,6.111868619918823
pedalme,IT-STGCN,DCRNN,0.5,rand,4,12,nearest,50,1.2472546100616455,6.956813097000122
pedalme,IT-STGCN,DCRNN,0.6,rand,4,12,linear,50,1.2346981763839722,8.134133338928223
pedalme,IT-STGCN,DCRNN,0.6,rand,4,12,cubic,50,1.2176878452301023,5.642923355102539
pedalme,IT-STGCN,DCRNN,0.6,rand,4,12,nearest,50,1.2054471969604492,6.387317895889282
pedalme,STGCN,DCRNN,0.0,,4,12,,50,1.184991717338562,5.579959392547607
pedalme,STGCN,DCRNN,0.0,,4,12,,50,1.2179460525512695,4.766363859176636
pedalme,STGCN,DCRNN,0.0,,4,12,,50,1.1786432266235352,5.013865232467651
pedalme,STGCN,DCRNN,0.3,rand,4,12,linear,50,1.2528173923492432,5.453892707824707
pedalme,STGCN,DCRNN,0.3,rand,4,12,cubic,50,1.304055094718933,5.402292013168335
pedalme,STGCN,DCRNN,0.3,rand,4,12,nearest,50,1.213836431503296,5.529858589172363
pedalme,STGCN,DCRNN,0.4,rand,4,12,linear,50,1.2909082174301147,5.275452136993408
pedalme,STGCN,DCRNN,0.4,rand,4,12,cubic,50,1.310907006263733,5.799503326416016
pedalme,STGCN,DCRNN,0.4,rand,4,12,nearest,50,1.2235881090164185,5.992263317108154
pedalme,STGCN,DCRNN,0.5,rand,4,12,linear,50,1.3304449319839478,5.340730905532837
pedalme,STGCN,DCRNN,0.5,rand,4,12,cubic,50,1.2855677604675293,5.019362926483154
pedalme,STGCN,DCRNN,0.5,rand,4,12,nearest,50,1.194262146949768,5.945423126220703
pedalme,STGCN,DCRNN,0.6,rand,4,12,linear,50,1.231385350227356,6.338901281356812
pedalme,STGCN,DCRNN,0.6,rand,4,12,cubic,50,1.182120442390442,5.750939846038818
pedalme,STGCN,DCRNN,0.6,rand,4,12,nearest,50,1.269527792930603,4.462274074554443
pedalme,IT-STGCN,DCRNN,0.0,,4,12,,50,1.213762283325195,6.07772159576416
pedalme,IT-STGCN,DCRNN,0.0,,4,12,,50,1.1769797801971436,6.4964234828948975
pedalme,IT-STGCN,DCRNN,0.0,,4,12,,50,1.2081118822097778,6.132862567901611
pedalme,IT-STGCN,DCRNN,0.3,rand,4,12,linear,50,1.198012113571167,7.186710357666016
pedalme,IT-STGCN,DCRNN,0.3,rand,4,12,cubic,50,1.2394005060195925,7.354407548904419
pedalme,IT-STGCN,DCRNN,0.3,rand,4,12,nearest,50,1.2763631343841553,7.321465015411377
pedalme,IT-STGCN,DCRNN,0.4,rand,4,12,linear,50,1.2513728141784668,7.360209226608276
pedalme,IT-STGCN,DCRNN,0.4,rand,4,12,cubic,50,1.1971834897994995,7.452949285507202
pedalme,IT-STGCN,DCRNN,0.4,rand,4,12,nearest,50,1.236907958984375,7.539308071136475
pedalme,IT-STGCN,DCRNN,0.5,rand,4,12,linear,50,1.2535386085510254,7.765262126922607
pedalme,IT-STGCN,DCRNN,0.5,rand,4,12,cubic,50,1.235879898071289,8.58452320098877
pedalme,IT-STGCN,DCRNN,0.5,rand,4,12,nearest,50,1.2650684118270874,7.983289957046509
pedalme,IT-STGCN,DCRNN,0.6,rand,4,12,linear,50,1.21173894405365,6.518783092498779
pedalme,IT-STGCN,DCRNN,0.6,rand,4,12,cubic,50,1.280473709106445,6.878636598587036
pedalme,IT-STGCN,DCRNN,0.6,rand,4,12,nearest,50,1.2189335823059082,7.808459281921387
pedalme,STGCN,DCRNN,0.0,,4,12,,50,1.2429583072662354,6.181033372879028
pedalme,STGCN,DCRNN,0.0,,4,12,,50,1.209949254989624,5.285055875778198
pedalme,STGCN,DCRNN,0.0,,4,12,,50,1.1825637817382812,5.955988645553589
pedalme,STGCN,DCRNN,0.3,rand,4,12,linear,50,1.210428237915039,5.723563194274902
pedalme,STGCN,DCRNN,0.3,rand,4,12,cubic,50,1.277998447418213,5.851780652999878
pedalme,STGCN,DCRNN,0.3,rand,4,12,nearest,50,1.2178657054901123,5.20315146446228
pedalme,STGCN,DCRNN,0.4,rand,4,12,linear,50,1.2730462551116943,5.924327850341797
pedalme,STGCN,DCRNN,0.4,rand,4,12,cubic,50,1.2613180875778198,7.554702043533325
pedalme,STGCN,DCRNN,0.4,rand,4,12,nearest,50,1.2177245616912842,7.33558988571167
pedalme,STGCN,DCRNN,0.5,rand,4,12,linear,50,1.2915393114089966,6.935443162918091
pedalme,STGCN,DCRNN,0.5,rand,4,12,cubic,50,1.2589640617370603,5.205693483352661
pedalme,STGCN,DCRNN,0.5,rand,4,12,nearest,50,1.2302452325820925,5.113484144210815
pedalme,STGCN,DCRNN,0.6,rand,4,12,linear,50,1.2491493225097656,4.171764373779297
pedalme,STGCN,DCRNN,0.6,rand,4,12,cubic,50,1.2596893310546875,5.103654146194458
pedalme,STGCN,DCRNN,0.6,rand,4,12,nearest,50,1.2643684148788452,5.079733610153198
pedalme,IT-STGCN,DCRNN,0.0,,4,12,,50,1.2153968811035156,7.122742176055908
pedalme,IT-STGCN,DCRNN,0.0,,4,12,,50,1.212360382080078,7.211927652359009
pedalme,IT-STGCN,DCRNN,0.0,,4,12,,50,1.2134027481079102,6.872592449188232
pedalme,IT-STGCN,DCRNN,0.3,rand,4,12,linear,50,1.2507696151733398,6.67153263092041
pedalme,IT-STGCN,DCRNN,0.3,rand,4,12,cubic,50,1.1674193143844604,6.9369401931762695
pedalme,IT-STGCN,DCRNN,0.3,rand,4,12,nearest,50,1.212321162223816,6.478231191635132
pedalme,IT-STGCN,DCRNN,0.4,rand,4,12,linear,50,1.2922918796539309,7.127683162689209
pedalme,IT-STGCN,DCRNN,0.4,rand,4,12,cubic,50,1.254272699356079,8.246156215667725
pedalme,IT-STGCN,DCRNN,0.4,rand,4,12,nearest,50,1.228524684906006,7.50183629989624
pedalme,IT-STGCN,DCRNN,0.5,rand,4,12,linear,50,1.2609022855758667,7.297429084777832
pedalme,IT-STGCN,DCRNN,0.5,rand,4,12,cubic,50,1.2778998613357544,7.336807012557983
pedalme,IT-STGCN,DCRNN,0.5,rand,4,12,nearest,50,1.2888413667678833,7.000837564468384
pedalme,IT-STGCN,DCRNN,0.6,rand,4,12,linear,50,1.2503503561019895,6.806982755661011
pedalme,IT-STGCN,DCRNN,0.6,rand,4,12,cubic,50,1.2322620153427124,8.342241287231445
pedalme,IT-STGCN,DCRNN,0.6,rand,4,12,nearest,50,1.238017201423645,6.679113626480103
pedalme,STGCN,DCRNN,0.0,,4,12,,50,1.1962019205093384,5.75555682182312
pedalme,STGCN,DCRNN,0.0,,4,12,,50,1.1949208974838257,4.977295875549316
pedalme,STGCN,DCRNN,0.0,,4,12,,50,1.1735366582870483,5.986534833908081
pedalme,STGCN,DCRNN,0.3,rand,4,12,linear,50,1.2361485958099363,5.871819496154785
pedalme,STGCN,DCRNN,0.3,rand,4,12,cubic,50,1.2756465673446655,5.557275295257568
pedalme,STGCN,DCRNN,0.3,rand,4,12,nearest,50,1.2793247699737549,4.822470426559448
pedalme,STGCN,DCRNN,0.4,rand,4,12,linear,50,1.2429362535476685,5.778758764266968
pedalme,STGCN,DCRNN,0.4,rand,4,12,cubic,50,1.2511348724365234,5.796881914138794
pedalme,STGCN,DCRNN,0.4,rand,4,12,nearest,50,1.174904465675354,5.666831254959106
pedalme,STGCN,DCRNN,0.5,rand,4,12,linear,50,1.3278833627700806,5.761877775192261
pedalme,STGCN,DCRNN,0.5,rand,4,12,cubic,50,1.3041095733642578,5.909917831420898
pedalme,STGCN,DCRNN,0.5,rand,4,12,nearest,50,1.2277624607086182,6.061690330505371
pedalme,STGCN,DCRNN,0.6,rand,4,12,linear,50,1.3912138938903809,6.0099616050720215
pedalme,STGCN,DCRNN,0.6,rand,4,12,cubic,50,1.1502989530563354,6.173014879226685
pedalme,STGCN,DCRNN,0.6,rand,4,12,nearest,50,1.2888919115066528,5.825587034225464
pedalme,IT-STGCN,DCRNN,0.0,,4,12,,50,1.2318068742752075,7.017128467559815
pedalme,IT-STGCN,DCRNN,0.0,,4,12,,50,1.223612666130066,6.954883575439453
pedalme,IT-STGCN,DCRNN,0.0,,4,12,,50,1.217423439025879,7.326981067657471
pedalme,IT-STGCN,DCRNN,0.3,rand,4,12,linear,50,1.2153942584991455,6.437448740005493
pedalme,IT-STGCN,DCRNN,0.3,rand,4,12,cubic,50,1.2262182235717771,7.035388231277466
pedalme,IT-STGCN,DCRNN,0.3,rand,4,12,nearest,50,1.2163602113723757,7.000542640686035
pedalme,IT-STGCN,DCRNN,0.4,rand,4,12,linear,50,1.2600806951522827,6.775495052337647
pedalme,IT-STGCN,DCRNN,0.4,rand,4,12,cubic,50,1.2338521480560305,6.989125967025757
pedalme,IT-STGCN,DCRNN,0.4,rand,4,12,nearest,50,1.2691665887832642,6.720511674880981
pedalme,IT-STGCN,DCRNN,0.5,rand,4,12,linear,50,1.271849274635315,6.655592441558838
pedalme,IT-STGCN,DCRNN,0.5,rand,4,12,cubic,50,1.3010382652282717,6.993355989456177
pedalme,IT-STGCN,DCRNN,0.5,rand,4,12,nearest,50,1.230569839477539,7.159519672393799
pedalme,IT-STGCN,DCRNN,0.6,rand,4,12,linear,50,1.2746775150299072,7.355093002319336
pedalme,IT-STGCN,DCRNN,0.6,rand,4,12,cubic,50,1.2117433547973633,7.534948825836182
pedalme,IT-STGCN,DCRNN,0.6,rand,4,12,nearest,50,1.2395663261413574,7.43406867980957
pedalme,STGCN,DCRNN,0.0,,4,12,,50,1.2312136888504028,5.421926498413086
pedalme,STGCN,DCRNN,0.0,,4,12,,50,1.1919705867767334,5.243655681610107
pedalme,STGCN,DCRNN,0.0,,4,12,,50,1.2253271341323853,5.098255634307861
pedalme,STGCN,DCRNN,0.3,rand,4,12,linear,50,1.308276891708374,5.379240274429321
pedalme,STGCN,DCRNN,0.3,rand,4,12,cubic,50,1.2754212617874146,5.145035982131958
pedalme,STGCN,DCRNN,0.3,rand,4,12,nearest,50,1.1916873455047607,6.068836450576782
pedalme,STGCN,DCRNN,0.4,rand,4,12,linear,50,1.1838266849517822,5.853052854537964
pedalme,STGCN,DCRNN,0.4,rand,4,12,cubic,50,1.3243945837020874,5.75397539138794
pedalme,STGCN,DCRNN,0.4,rand,4,12,nearest,50,1.212752342224121,6.343393802642822
pedalme,STGCN,DCRNN,0.5,rand,4,12,linear,50,1.202898025512695,7.257235288619995
pedalme,STGCN,DCRNN,0.5,rand,4,12,cubic,50,1.3057992458343506,5.595815420150757
pedalme,STGCN,DCRNN,0.5,rand,4,12,nearest,50,1.2986868619918823,5.8302001953125
pedalme,STGCN,DCRNN,0.6,rand,4,12,linear,50,1.282589316368103,6.063250780105591
pedalme,STGCN,DCRNN,0.6,rand,4,12,cubic,50,1.2697622776031494,6.529387712478638
pedalme,STGCN,DCRNN,0.6,rand,4,12,nearest,50,1.2906960248947144,4.912275791168213
pedalme,IT-STGCN,DCRNN,0.0,,4,12,,50,1.2124625444412231,6.911333322525024
pedalme,IT-STGCN,DCRNN,0.0,,4,12,,50,1.2407726049423218,7.248166799545288
pedalme,IT-STGCN,DCRNN,0.0,,4,12,,50,1.1780188083648682,5.5701823234558105
pedalme,IT-STGCN,DCRNN,0.3,rand,4,12,linear,50,1.184292912483215,6.913841247558594
pedalme,IT-STGCN,DCRNN,0.3,rand,4,12,cubic,50,1.2568345069885254,6.674391269683838
pedalme,IT-STGCN,DCRNN,0.3,rand,4,12,nearest,50,1.2726764678955078,6.425980091094971
pedalme,IT-STGCN,DCRNN,0.4,rand,4,12,linear,50,1.2312716245651243,7.4176185131073
pedalme,IT-STGCN,DCRNN,0.4,rand,4,12,cubic,50,1.244653344154358,6.833783149719238
pedalme,IT-STGCN,DCRNN,0.4,rand,4,12,nearest,50,1.259450912475586,6.29532265663147
pedalme,IT-STGCN,DCRNN,0.5,rand,4,12,linear,50,1.2270917892456057,6.984188079833984
pedalme,IT-STGCN,DCRNN,0.5,rand,4,12,cubic,50,1.2582589387893677,6.8037519454956055
pedalme,IT-STGCN,DCRNN,0.5,rand,4,12,nearest,50,1.2580093145370483,7.149898290634155
pedalme,IT-STGCN,DCRNN,0.6,rand,4,12,linear,50,1.1932578086853027,6.746187925338745
pedalme,IT-STGCN,DCRNN,0.6,rand,4,12,cubic,50,1.2266788482666016,7.561075210571289
pedalme,IT-STGCN,DCRNN,0.6,rand,4,12,nearest,50,1.2915760278701782,6.571867942810059
pedalme,STGCN,DCRNN,0.0,,4,12,,50,1.1875272989273071,6.104836702346802
pedalme,STGCN,DCRNN,0.0,,4,12,,50,1.1785216331481934,6.077326536178589
pedalme,STGCN,DCRNN,0.0,,4,12,,50,1.171699285507202,5.63189435005188
pedalme,STGCN,DCRNN,0.3,rand,4,12,linear,50,1.2554389238357544,4.820299863815308
pedalme,STGCN,DCRNN,0.3,rand,4,12,cubic,50,1.2159866094589231,5.8351149559021
pedalme,STGCN,DCRNN,0.3,rand,4,12,nearest,50,1.2305399179458618,6.100075721740723
pedalme,STGCN,DCRNN,0.4,rand,4,12,linear,50,1.2377190589904783,5.787773609161377
pedalme,STGCN,DCRNN,0.4,rand,4,12,cubic,50,1.367940068244934,6.178303003311157
pedalme,STGCN,DCRNN,0.4,rand,4,12,nearest,50,1.2241239547729492,5.300706624984741
pedalme,STGCN,DCRNN,0.5,rand,4,12,linear,50,1.2190091609954834,6.081287384033203
pedalme,STGCN,DCRNN,0.5,rand,4,12,cubic,50,1.2960755825042725,5.851458787918091
pedalme,STGCN,DCRNN,0.5,rand,4,12,nearest,50,1.3136221170425415,4.850821018218994
pedalme,STGCN,DCRNN,0.6,rand,4,12,linear,50,1.22691011428833,5.460331916809082
pedalme,STGCN,DCRNN,0.6,rand,4,12,cubic,50,1.2653309106826782,5.622471332550049
pedalme,STGCN,DCRNN,0.6,rand,4,12,nearest,50,1.2140544652938845,5.403146743774414
pedalme,IT-STGCN,DCRNN,0.0,,4,12,,50,1.1914335489273071,7.596738815307617
pedalme,IT-STGCN,DCRNN,0.0,,4,12,,50,1.1860973834991455,7.202845573425293
pedalme,IT-STGCN,DCRNN,0.0,,4,12,,50,1.2054961919784546,7.583901643753052
pedalme,IT-STGCN,DCRNN,0.3,rand,4,12,linear,50,1.221651554107666,5.993748426437378
pedalme,IT-STGCN,DCRNN,0.3,rand,4,12,cubic,50,1.255637526512146,7.184900760650635
pedalme,IT-STGCN,DCRNN,0.3,rand,4,12,nearest,50,1.2538199424743652,7.087777376174927
pedalme,IT-STGCN,DCRNN,0.4,rand,4,12,linear,50,1.237580180168152,6.9010279178619385
pedalme,IT-STGCN,DCRNN,0.4,rand,4,12,cubic,50,1.2271952629089355,6.501643657684326
pedalme,IT-STGCN,DCRNN,0.4,rand,4,12,nearest,50,1.2660099267959597,7.802655458450317
pedalme,IT-STGCN,DCRNN,0.5,rand,4,12,linear,50,1.1955281496047974,7.948862075805664
pedalme,IT-STGCN,DCRNN,0.5,rand,4,12,cubic,50,1.267297387123108,7.1761345863342285
pedalme,IT-STGCN,DCRNN,0.5,rand,4,12,nearest,50,1.2570428848266602,7.223035573959351
pedalme,IT-STGCN,DCRNN,0.6,rand,4,12,linear,50,1.1720993518829346,6.263454437255859
pedalme,IT-STGCN,DCRNN,0.6,rand,4,12,cubic,50,1.236616134643555,6.342533349990845
pedalme,IT-STGCN,DCRNN,0.6,rand,4,12,nearest,50,1.2623653411865234,6.893305778503418
pedalme,STGCN,DCRNN,0.0,,4,12,,50,1.2052503824234009,6.150373697280884
pedalme,STGCN,DCRNN,0.0,,4,12,,50,1.1890277862548828,6.233159780502319
pedalme,STGCN,DCRNN,0.0,,4,12,,50,1.220902681350708,6.121082305908203
pedalme,STGCN,DCRNN,0.3,rand,4,12,linear,50,1.2001932859420776,6.469310283660889
pedalme,STGCN,DCRNN,0.3,rand,4,12,cubic,50,1.1811518669128418,6.453686714172363
pedalme,STGCN,DCRNN,0.3,rand,4,12,nearest,50,1.214765548706055,5.457890272140503
pedalme,STGCN,DCRNN,0.4,rand,4,12,linear,50,1.2869170904159546,6.363623380661011
pedalme,STGCN,DCRNN,0.4,rand,4,12,cubic,50,1.2857143878936768,6.273418664932251
pedalme,STGCN,DCRNN,0.4,rand,4,12,nearest,50,1.28257417678833,6.763987302780151
pedalme,STGCN,DCRNN,0.5,rand,4,12,linear,50,1.2597317695617676,6.179246187210083
pedalme,STGCN,DCRNN,0.5,rand,4,12,cubic,50,1.1748254299163818,6.18358039855957
pedalme,STGCN,DCRNN,0.5,rand,4,12,nearest,50,1.222817063331604,5.908137798309326
pedalme,STGCN,DCRNN,0.6,rand,4,12,linear,50,1.2927285432815552,5.813526391983032
pedalme,STGCN,DCRNN,0.6,rand,4,12,cubic,50,1.235048532485962,5.674614191055298
pedalme,STGCN,DCRNN,0.6,rand,4,12,nearest,50,1.235894799232483,5.584375143051148
pedalme,IT-STGCN,DCRNN,0.0,,4,12,,50,1.219240665435791,7.448456525802612
pedalme,IT-STGCN,DCRNN,0.0,,4,12,,50,1.2231956720352173,7.28803277015686
pedalme,IT-STGCN,DCRNN,0.0,,4,12,,50,1.216010332107544,6.9624316692352295
pedalme,IT-STGCN,DCRNN,0.3,rand,4,12,linear,50,1.2106980085372925,7.092117547988892
pedalme,IT-STGCN,DCRNN,0.3,rand,4,12,cubic,50,1.1948518753051758,7.081836700439453
pedalme,IT-STGCN,DCRNN,0.3,rand,4,12,nearest,50,1.2083470821380615,7.344519853591919
pedalme,IT-STGCN,DCRNN,0.4,rand,4,12,linear,50,1.2183442115783691,6.98137354850769
pedalme,IT-STGCN,DCRNN,0.4,rand,4,12,cubic,50,1.2200151681900024,6.798527717590332
pedalme,IT-STGCN,DCRNN,0.4,rand,4,12,nearest,50,1.2299848794937134,6.525020360946655
pedalme,IT-STGCN,DCRNN,0.5,rand,4,12,linear,50,1.202114462852478,7.19112229347229
pedalme,IT-STGCN,DCRNN,0.5,rand,4,12,cubic,50,1.2804837226867676,6.992066860198975
pedalme,IT-STGCN,DCRNN,0.5,rand,4,12,nearest,50,1.208074927330017,6.825451374053955
pedalme,IT-STGCN,DCRNN,0.6,rand,4,12,linear,50,1.208520770072937,6.76938009262085
pedalme,IT-STGCN,DCRNN,0.6,rand,4,12,cubic,50,1.2176083326339722,6.270064830780029
pedalme,IT-STGCN,DCRNN,0.6,rand,4,12,nearest,50,1.2342629432678225,6.881110668182373
pedalme,STGCN,DCRNN,0.0,,4,12,,50,1.194198489189148,6.237821102142334
pedalme,STGCN,DCRNN,0.0,,4,12,,50,1.1746137142181396,6.170773029327393
pedalme,STGCN,DCRNN,0.0,,4,12,,50,1.2253291606903076,6.141099691390991
pedalme,STGCN,DCRNN,0.3,rand,4,12,linear,50,1.2297852039337158,5.560534477233887
pedalme,STGCN,DCRNN,0.3,rand,4,12,cubic,50,1.2522987127304075,5.8421266078948975
pedalme,STGCN,DCRNN,0.3,rand,4,12,nearest,50,1.1980936527252195,5.3012425899505615
pedalme,STGCN,DCRNN,0.4,rand,4,12,linear,50,1.2485318183898926,6.098707675933838
pedalme,STGCN,DCRNN,0.4,rand,4,12,cubic,50,1.2366691827774048,5.803439378738403
pedalme,STGCN,DCRNN,0.4,rand,4,12,nearest,50,1.25504732131958,5.311222553253174
pedalme,STGCN,DCRNN,0.5,rand,4,12,linear,50,1.2869958877563477,5.6210479736328125
pedalme,STGCN,DCRNN,0.5,rand,4,12,cubic,50,1.1687898635864258,6.353216648101807
pedalme,STGCN,DCRNN,0.5,rand,4,12,nearest,50,1.1554765701293943,5.948058843612671
pedalme,STGCN,DCRNN,0.6,rand,4,12,linear,50,1.2306995391845703,6.230781078338623
pedalme,STGCN,DCRNN,0.6,rand,4,12,cubic,50,2.094144582748413,5.2970592975616455
pedalme,STGCN,DCRNN,0.6,rand,4,12,nearest,50,1.2712678909301758,5.78868556022644
pedalme,IT-STGCN,DCRNN,0.0,,4,12,,50,1.207238793373108,6.871995449066162
pedalme,IT-STGCN,DCRNN,0.0,,4,12,,50,1.194715976715088,6.353470087051392
pedalme,IT-STGCN,DCRNN,0.0,,4,12,,50,1.1902378797531128,7.309492588043213
pedalme,IT-STGCN,DCRNN,0.3,rand,4,12,linear,50,1.2130699157714844,6.572044849395752
pedalme,IT-STGCN,DCRNN,0.3,rand,4,12,cubic,50,1.2402808666229248,5.237563848495483
pedalme,IT-STGCN,DCRNN,0.3,rand,4,12,nearest,50,1.2674880027770996,5.760495662689209
pedalme,IT-STGCN,DCRNN,0.4,rand,4,12,linear,50,1.2122694253921509,6.104280948638916
pedalme,IT-STGCN,DCRNN,0.4,rand,4,12,cubic,50,1.2278932332992554,7.065305233001709
pedalme,IT-STGCN,DCRNN,0.4,rand,4,12,nearest,50,1.197472095489502,6.878036260604858
pedalme,IT-STGCN,DCRNN,0.5,rand,4,12,linear,50,1.224501132965088,7.672348737716675
pedalme,IT-STGCN,DCRNN,0.5,rand,4,12,cubic,50,1.2148890495300293,7.259666442871094
pedalme,IT-STGCN,DCRNN,0.5,rand,4,12,nearest,50,1.2275021076202393,7.093037128448486
pedalme,IT-STGCN,DCRNN,0.6,rand,4,12,linear,50,1.2485370635986328,8.266799688339233
pedalme,IT-STGCN,DCRNN,0.6,rand,4,12,cubic,50,1.212041258811951,7.294321537017822
pedalme,IT-STGCN,DCRNN,0.6,rand,4,12,nearest,50,1.297962307929993,7.425145149230957
pedalme,STGCN,DCRNN,0.0,,4,12,,50,1.195823311805725,5.186246871948242
pedalme,STGCN,DCRNN,0.0,,4,12,,50,1.1916629076004028,5.714153289794922
pedalme,STGCN,DCRNN,0.0,,4,12,,50,1.2783873081207275,5.657853364944458
pedalme,STGCN,DCRNN,0.3,rand,4,12,linear,50,1.3063452243804932,5.293576240539551
pedalme,STGCN,DCRNN,0.3,rand,4,12,cubic,50,1.2681734561920166,5.402493238449097
pedalme,STGCN,DCRNN,0.3,rand,4,12,nearest,50,1.2989763021469116,6.611917495727539
pedalme,STGCN,DCRNN,0.4,rand,4,12,linear,50,1.1963036060333252,6.098629951477051
pedalme,STGCN,DCRNN,0.4,rand,4,12,cubic,50,1.192094087600708,5.907227993011475
pedalme,STGCN,DCRNN,0.4,rand,4,12,nearest,50,1.2723528146743774,5.751110076904297
pedalme,STGCN,DCRNN,0.5,rand,4,12,linear,50,1.252308964729309,6.063323736190796
pedalme,STGCN,DCRNN,0.5,rand,4,12,cubic,50,1.2779722213745115,5.724644899368286
pedalme,STGCN,DCRNN,0.5,rand,4,12,nearest,50,1.2895197868347168,5.512956380844116
pedalme,STGCN,DCRNN,0.6,rand,4,12,linear,50,1.2740129232406616,5.449699640274048
pedalme,STGCN,DCRNN,0.6,rand,4,12,cubic,50,1.40122389793396,5.533875465393066
pedalme,STGCN,DCRNN,0.6,rand,4,12,nearest,50,1.2262808084487915,5.26997184753418
pedalme,IT-STGCN,DCRNN,0.0,,4,12,,50,1.1910001039505005,7.500714063644409
pedalme,IT-STGCN,DCRNN,0.0,,4,12,,50,1.186154842376709,7.496437549591064
pedalme,IT-STGCN,DCRNN,0.0,,4,12,,50,1.197196125984192,6.726460933685303
pedalme,IT-STGCN,DCRNN,0.3,rand,4,12,linear,50,1.2414840459823608,6.452620267868042
pedalme,IT-STGCN,DCRNN,0.3,rand,4,12,cubic,50,1.2158321142196655,6.948431253433228
pedalme,IT-STGCN,DCRNN,0.3,rand,4,12,nearest,50,1.2203348875045776,7.107492208480835
pedalme,IT-STGCN,DCRNN,0.4,rand,4,12,linear,50,1.2101571559906006,6.8151702880859375
pedalme,IT-STGCN,DCRNN,0.4,rand,4,12,cubic,50,1.2204755544662476,7.361836433410644
pedalme,IT-STGCN,DCRNN,0.4,rand,4,12,nearest,50,1.2005151510238647,7.4231116771698
pedalme,IT-STGCN,DCRNN,0.5,rand,4,12,linear,50,1.217739462852478,7.72315239906311
pedalme,IT-STGCN,DCRNN,0.5,rand,4,12,cubic,50,1.2135478258132937,7.886582374572754
pedalme,IT-STGCN,DCRNN,0.5,rand,4,12,nearest,50,1.2198361158370972,6.993950366973877
pedalme,IT-STGCN,DCRNN,0.6,rand,4,12,linear,50,1.2164839506149292,7.038815975189209
pedalme,IT-STGCN,DCRNN,0.6,rand,4,12,cubic,50,1.3022863864898682,7.965438604354858
pedalme,IT-STGCN,DCRNN,0.6,rand,4,12,nearest,50,1.2597405910491943,7.216744422912598
pedalme,STGCN,DCRNN,0.0,,4,12,,50,1.2137848138809204,5.836647748947144
pedalme,STGCN,DCRNN,0.0,,4,12,,50,1.248531699180603,5.90792441368103
pedalme,STGCN,DCRNN,0.0,,4,12,,50,1.1991779804229736,5.693106651306152
pedalme,STGCN,DCRNN,0.3,rand,4,12,linear,50,1.2616451978683472,5.299654006958008
pedalme,STGCN,DCRNN,0.3,rand,4,12,cubic,50,1.2228835821151731,5.582539796829224
pedalme,STGCN,DCRNN,0.3,rand,4,12,nearest,50,1.2281602621078491,5.537471771240234
pedalme,STGCN,DCRNN,0.4,rand,4,12,linear,50,1.2891734838485718,5.090550899505615
pedalme,STGCN,DCRNN,0.4,rand,4,12,cubic,50,1.2482951879501345,5.15462327003479
pedalme,STGCN,DCRNN,0.4,rand,4,12,nearest,50,1.2714600563049316,5.310072898864746
pedalme,STGCN,DCRNN,0.5,rand,4,12,linear,50,1.2214391231536863,5.574900627136231
pedalme,STGCN,DCRNN,0.5,rand,4,12,cubic,50,1.270374059677124,5.876415252685547
pedalme,STGCN,DCRNN,0.5,rand,4,12,nearest,50,1.22984516620636,7.015869617462158
pedalme,STGCN,DCRNN,0.6,rand,4,12,linear,50,1.2037436962127686,6.374337434768677
pedalme,STGCN,DCRNN,0.6,rand,4,12,cubic,50,1.2524936199188232,6.495298147201538
pedalme,STGCN,DCRNN,0.6,rand,4,12,nearest,50,1.2568693161010742,6.752688646316528
pedalme,IT-STGCN,DCRNN,0.0,,4,12,,50,1.2024749517440796,7.687046527862549
pedalme,IT-STGCN,DCRNN,0.0,,4,12,,50,1.1921652555465698,6.832954168319702
pedalme,IT-STGCN,DCRNN,0.0,,4,12,,50,1.1801958084106443,7.373769044876099
pedalme,IT-STGCN,DCRNN,0.3,rand,4,12,linear,50,1.2260349988937378,7.969692945480347
pedalme,IT-STGCN,DCRNN,0.3,rand,4,12,cubic,50,1.2547171115875244,7.335221290588379
pedalme,IT-STGCN,DCRNN,0.3,rand,4,12,nearest,50,1.2347519397735596,7.511630535125732
pedalme,IT-STGCN,DCRNN,0.4,rand,4,12,linear,50,1.2191565036773682,7.808809518814087
pedalme,IT-STGCN,DCRNN,0.4,rand,4,12,cubic,50,1.2194366455078125,7.146191358566284
pedalme,IT-STGCN,DCRNN,0.4,rand,4,12,nearest,50,1.2652760744094849,7.073214292526245
pedalme,IT-STGCN,DCRNN,0.5,rand,4,12,linear,50,1.3221650123596191,6.461623191833496
pedalme,IT-STGCN,DCRNN,0.5,rand,4,12,cubic,50,1.2179160118103027,7.634921073913574
pedalme,IT-STGCN,DCRNN,0.5,rand,4,12,nearest,50,1.260178804397583,7.643973350524902
pedalme,IT-STGCN,DCRNN,0.6,rand,4,12,linear,50,1.3350988626480105,7.467398405075073
pedalme,IT-STGCN,DCRNN,0.6,rand,4,12,cubic,50,1.2480196952819824,8.247537851333618
pedalme,IT-STGCN,DCRNN,0.6,rand,4,12,nearest,50,1.278423547744751,8.189395427703857
pedalme,STGCN,DCRNN,0.0,,4,12,,50,1.1961784362792969,6.16494345664978
pedalme,STGCN,DCRNN,0.0,,4,12,,50,1.172349452972412,5.858516693115234
pedalme,STGCN,DCRNN,0.0,,4,12,,50,1.17567241191864,5.798086643218994
pedalme,STGCN,DCRNN,0.3,rand,4,12,linear,50,1.23868989944458,6.213492155075073
pedalme,STGCN,DCRNN,0.3,rand,4,12,cubic,50,1.2187628746032717,6.4865148067474365
pedalme,STGCN,DCRNN,0.3,rand,4,12,nearest,50,1.1742419004440308,6.5003581047058105
pedalme,STGCN,DCRNN,0.4,rand,4,12,linear,50,1.243356466293335,6.621839761734009
pedalme,STGCN,DCRNN,0.4,rand,4,12,cubic,50,1.206099271774292,6.782604217529297
pedalme,STGCN,DCRNN,0.4,rand,4,12,nearest,50,1.2324340343475342,6.119348526000977
pedalme,STGCN,DCRNN,0.5,rand,4,12,linear,50,1.2798188924789429,6.303011178970337
pedalme,STGCN,DCRNN,0.5,rand,4,12,cubic,50,1.2656779289245603,5.41002631187439
pedalme,STGCN,DCRNN,0.5,rand,4,12,nearest,50,1.2260324954986572,6.6040589809417725
pedalme,STGCN,DCRNN,0.6,rand,4,12,linear,50,1.2304350137710571,6.28263783454895
pedalme,STGCN,DCRNN,0.6,rand,4,12,cubic,50,1.3193306922912598,6.0490195751190186
pedalme,STGCN,DCRNN,0.6,rand,4,12,nearest,50,1.208187460899353,5.469782590866089
pedalme,IT-STGCN,DCRNN,0.0,,4,12,,50,1.159236192703247,8.263287782669067
pedalme,IT-STGCN,DCRNN,0.0,,4,12,,50,1.2107672691345217,7.6720991134643555
pedalme,IT-STGCN,DCRNN,0.0,,4,12,,50,1.2007321119308472,7.66353964805603
pedalme,IT-STGCN,DCRNN,0.3,rand,4,12,linear,50,1.22259521484375,8.063902616500854
pedalme,IT-STGCN,DCRNN,0.3,rand,4,12,cubic,50,1.20556640625,8.291601657867432
pedalme,IT-STGCN,DCRNN,0.3,rand,4,12,nearest,50,1.2483199834823608,8.071328401565552
pedalme,IT-STGCN,DCRNN,0.4,rand,4,12,linear,50,1.2663323879241943,8.20100474357605
pedalme,IT-STGCN,DCRNN,0.4,rand,4,12,cubic,50,1.259021282196045,7.943576097488403
pedalme,IT-STGCN,DCRNN,0.4,rand,4,12,nearest,50,1.2395474910736084,8.025432109832764
pedalme,IT-STGCN,DCRNN,0.5,rand,4,12,linear,50,1.2432996034622192,7.64361047744751
pedalme,IT-STGCN,DCRNN,0.5,rand,4,12,cubic,50,1.27640962600708,7.960691452026367
pedalme,IT-STGCN,DCRNN,0.5,rand,4,12,nearest,50,1.2547712326049805,7.939347743988037
pedalme,IT-STGCN,DCRNN,0.6,rand,4,12,linear,50,1.249204397201538,8.023094654083252
pedalme,IT-STGCN,DCRNN,0.6,rand,4,12,cubic,50,1.2100008726119995,7.81065821647644
pedalme,IT-STGCN,DCRNN,0.6,rand,4,12,nearest,50,1.2319291830062866,7.95580530166626
