,x,y,f
0,-6.0,-7.347880794884119e-16,-0.6264538107423324
1,-5.999169628810454,-0.037694390506623016,0.37231637206675317
2,-5.99667970222134,-0.07536046645143521,-7.317626694655542
3,-5.992533779110886,-0.11296998052620086,2.1610312939757153
4,-5.986737784078784,-0.15049481978503246,1.0835284176393765
5,-5.979299997163292,-0.18790707246386204,0.12155397915824728
6,-5.970231039471501,-0.22517909436670888,1.6171177667192136
7,-5.959543854748954,-0.2622835746756733,2.055277593485453
8,-5.947253686922312,-0.2991936010428518,2.0795295697928595
9,-5.933378053656013,-0.33588272382373907,1.3846198160621346
10,-5.917936715971235,-0.37232501931348827,-3.5161695564401
11,-5.900951643982582,-0.40849515184941465,2.450500350528357
12,-5.882446978815011,-0.4443684346454382,1.6236735058339224
13,-5.862448990770524,-0.4799208892267491,0.21367196660837173
14,-5.840986033820878,-0.5151293033358453,3.735896022263991
15,-5.818088496509357,-0.5499712871841598,2.7476952239130696
16,-5.79378874935112,-0.5844253279269559,2.9571081035727773
17,-5.768121088827991,-0.6184708422427079,4.096745596440324
18,-5.741121678079809,-0.6520882269021011,4.152619142518664
19,-5.712828484400354,-0.6852589072158752,4.102601829730814
20,-5.683281213651728,-0.7179653832550679,4.603731319710717
21,-5.652521241716616,-0.7501912737417591,4.641631890684354
22,-5.62059154311318,-0.7819213575131984,4.107428208205003
23,-5.587536616902518,-0.8131416124671015,2.2154434368287697
24,-5.553402410023415,-0.843839251901142,4.995055852463753
25,-5.518236238193817,-0.8740027581649028,4.487978724919773
26,-5.482086704522727,-0.9036219135481114,4.5555715841248485
27,-5.445003615980428,-0.932687828334614,3.4061970542370705
28,-5.407037897878628,-0.961192965957364,4.562645502804624
29,-5.368241506515748,-0.9891311651956265,5.62078868001549
30,-5.328667340145771,-1.0164976593616792,12.99606991827866
31,-5.28836914843203,-1.0432890924304739,-0.3837138964542355
32,-5.247401440549922,-1.0695035320719488,6.065332472506446
33,-5.205819392104952,-1.0951404795521393,5.778158931479828
34,-5.163678751034418,-1.1202008764755764,4.607131307080661
35,-5.121035742662864,-1.1446871083480208,5.719292779366937
36,-5.0779469740827805,-1.1686030049451088,5.887910019246073
37,-5.034469338033083,-1.1919538374790732,6.3685627001542064
38,-4.9906599164486956,-1.2147463125623064,7.6712892246757685
39,-4.946575883854959,-1.2369885629731465,7.475487941866571
40,-4.902274410780718,-1.2586901352358997,6.6864473085842215
41,-4.8578125673636885,-1.2798619740336443,6.733828943387166
42,-4.813247227321201,-1.3005164034790209,7.8178862297149925
43,-4.768634972458532,-1.3206671052746422,7.808783186277631
44,-4.724031997885857,-1.340329093801268,6.6919796217738705
45,-4.679494018113336,-1.3595186881782746,6.799227895565124
46,-4.6350761741921,-1.3782534813472476,7.994620305852103
47,-4.590832942066659,-1.396552306235768,8.519170213311432
48,-4.546818042301958,-1.4144351990645214,7.756130741565673
49,-4.503084351345451,-1.4319233598669128,8.864623113198274
50,-4.459683814481607,-1.449039110296173,8.493817513774507
51,-4.416667360632919,-1.4658058488006727,7.592999357820103
52,-4.374084819157882,-1.4822480032537246,8.65253851458136
53,-4.331984838792492,-1.498390981129534,13.840173221824042
54,-4.29041480887773,-1.5142611173221738,9.948315079034149
55,-4.249420783011031,-1.529885619709487,10.593098177898167
56,-4.209047405255065,-1.5452925125686556,8.339817525184763
57,-4.169337839032298,-1.5605105779547528,7.754145331847761
58,-4.1303336988286,-1.5755692951580726,9.45610829396597
59,-4.092074984823812,-1.5904987783601234,8.836279155542316
60,-4.054600020561643,-1.605329712612172,11.454702756330743
61,-4.017945393765396,-1.6200932882638936,9.092373268996662
62,-3.9821459004001287,-1.6348211339731367,9.896629992979406
63,-3.947234492075626,-1.6495452484310034,9.306892431745759
64,-3.913242226878284,-1.6642979309393715,8.604313357789104
65,-3.8801982237134616,-1.6791117109806375,9.601747354809374
66,-3.84812962023329,-1.6940192769218205,7.67001383831326
67,-3.8170615344181065,-1.7090534039973142,10.999171585337178
68,-3.78701702987282,-1.7242468817163241,9.742120285458395
69,-3.758017084892552,-1.7396324408425958,11.813315138523661
70,-3.7300805653447644,-1.7552426800952494,10.16461736126116
71,-3.7032242014079713,-1.771109992720474,14.768170345332276
72,-3.677462568199869,-1.787266493084482,10.386278742965919
73,-3.6528080703204915,-1.8037439434384306,8.879464175891345
74,-3.629270930328609,-1.8205736810061048,8.594444129882977
75,-3.6068591811623327,-1.8377865455448457,10.170533504919241
76,-3.585578662507475,-1.8554128075296668,9.463288112475883
77,-3.5654330211098926,-1.8734820971096309,9.931651243035299
78,-3.546423715020739,-1.8920233339844048,10.025317778654324
79,-3.528550021756199,-1.9110646583474333,9.37834345538227
80,-3.5118090503460975,-1.9306333630404404,9.412534987562962
81,-3.4961957572385147,-1.9507558270619099,9.855811046922982
82,-3.4817029660205034,-1.9714574505698519,11.175305739277094
83,-3.468321390907886,-1.9927625915165883,8.476321944327378
84,-3.4560396639502415,-2.0146945040503463,10.592944905295912
85,-3.4448443658903645,-2.037275278815319,10.327499349504214
86,-3.4347200606107493,-2.0605257852783954,11.04964094804093
87,-3.425649333093153,-2.0844656162070994,9.670794042310696
88,-3.417612830810832,-2.109113034419269,10.329882470307332
89,-3.4105893084668497,-2.1344849219208935,10.20830236567162
90,-3.4045556759857623,-2.160596731544026,9.376484321597118
91,-3.3994870496601104,-2.187462441192045,11.101141702518106
92,-3.395356806347459,-2.215094510794679,11.024423982652099
93,-3.3921366406082636,-2.243503842070081,10.531470827472042
94,-3.3897966246695477,-2.2726997411859484,11.381826448352014
95,-3.388305271094389,-2.302689884406212,10.313728150383692
96,-3.3876295980323596,-2.3334802868041047,8.43542531424573
97,-3.387735196921555,-2.3650752741166463,9.09207036134353
98,-3.3885863025085445,-2.3974774578094746,8.3906004875729
99,-3.3901458650484897,-2.430687713414942,9.0882667109532
100,-3.39237562454399,-2.4647051621999556,8.884350895776992
101,-3.3952361868776433,-2.4995271562137638,9.486499926952526
102,-3.398687101690147,-2.5351492667592876,8.469766620409214
103,-3.402686941852819,-2.571565276324995,9.471681667002619
104,-3.407193384380804,-2.6087671740076406,8.588717151854265
105,-3.4121632926308716,-2.646745154449351,10.93694728733278
106,-3.4175527996257085,-2.6854876203057763,9.80946125415609
107,-3.4233173923448788,-2.724981188255046,9.922784684954676
108,-3.4294119968211727,-2.7652106985504514,9.313443939322031
109,-3.4357910638800084,-2.8061592281127523,10.524903910607195
110,-3.442408655358718,-2.8478081071510997,8.117312552829153
111,-3.449218530642074,-2.8901369392946306,8.19860930748382
112,-3.4561742333502656,-2.933123625209843,9.996658197475124
113,-3.4632291780156375,-2.976744389672025,7.814752549990241
114,-3.470336736585002,-3.0209738120521057,8.156127346055797
115,-3.4774503245850723,-3.0657848601736064,7.865781880193449
116,-3.4845234867896777,-3.1111489274875823,7.830738546314118
117,-3.4915099822287567,-3.157035873506907,7.76085800069285
118,-3.498363868380869,-3.2034140674346863,8.420537238684677
119,-3.505039584392915,-3.2502504349152215,1.4612690434646236
120,-3.5114920331730555,-3.2975105078296525,7.184722603628913
121,-3.5176766622054094,-3.345158477052275,8.911756345220333
122,-3.5235495429379267,-3.3931572480775762,7.229481050337322
123,-3.529067448598062,-3.4414684994221205,7.137196730973399
124,-3.534187930294165,-3.4900527436999282,7.086650507471824
125,-3.538869391264327,-3.5388693912643285,7.76703697851094
126,-3.5430711591382456,-3.5878768163041754,6.845824285649137
127,-3.546753556081923,-3.6370324252771478,6.744309186679616
128,-3.5498779666994498,-3.686292727558057,5.960423129300485
129,-3.552406903570761,-3.735613408175451,6.17558895829015
130,-3.5543040703091675,-3.7849494025054273,6.415481298878359
131,-3.5555344220275646,-3.8342549727874355,5.619625462172772
132,-3.556064223107555,-3.8834837863229206,6.591004955268056
133,-3.5558611021711553,-3.9325889952141466,4.389946268272795
134,-3.554894104160557,-3.981523317497008,6.061626388488668
135,-3.553133739437161,-4.030239119518732,4.0632980378383685
136,-3.550552029817181,-4.078688499408447,5.14145751947918
137,-3.5471225514672886,-4.1268233714861555,4.75490198301551
138,-3.5428204745900196,-4.174595551453373,4.4699544988501465
139,-3.5376225998351476,-4.221956842206802,4.9021964089965016
140,-3.5315073913797206,-4.268859120114802,2.8800121972080874
141,-3.524455006626133,-4.315254421595023,5.804526541691555
142,-3.516447322474275,-4.361095029830673,2.7948948206387607
143,-3.5074679581306296,-4.406333561462059,3.826673139150879
144,-3.4975022944240295,-4.450923053089777,3.003092377397083
145,-3.4865374896046633,-4.494817047425744,3.195536026300963
146,-3.4745624916098703,-4.537969678928568,5.859459188656049
147,-3.4615680467871637,-4.580335758760293,3.6142829161386136
148,-3.4475467050719533,-4.621870858902352,2.1339009028223637
149,-3.432492821624231,-4.66253139526989,1.6016924204251335
150,-3.416402554935599,-4.702274709664886,3.513427297340494
151,-3.3992738614246867,-4.741059150410515,2.864532070007585
152,-3.381106486545996,-4.778844151511121,2.3838488342939783
153,-3.361901952443888,-4.815590310184668,1.5904184663975522
154,-3.3416635421901666,-4.851259462617183,0.8492866495010432
155,-3.3203962806502734,-4.885814757791699,1.0776891108352271
156,-3.29810691202963,-4.919220729247506,2.96827821839097
157,-3.2748038741580983,-4.951443364629006,1.1616500167829384
158,-3.250497269576634,-4.9824501728873924,0.21252243049100628
159,-3.225198833496567,-5.012210249002354,3.279703941672778
160,-3.1989218987076695,-5.040694336095469,1.6484756211570213
161,-3.1716813575171545,-5.067874884811456,0.7972545374093626
162,-3.143493620807302,-5.093726109848411,1.9065422934641152
163,-3.1143765743048637,-5.11822404352312,1.5463375876411452
164,-3.084349532160726,-5.141346586262934,-0.1477073547080851
165,-3.0534331879432104,-5.1630735539212145,2.48909104537165
166,-3.0216495631534546,-5.183386721818992,-0.16068630788204477
167,-2.9890219533756692,-5.202269865421555,-1.518835372471772
168,-2.9555748721797133,-5.219708797564626,-0.4273881827853953
169,-2.921333992897357,-5.2356914021511995,-0.26399735429071025
170,-2.886326088397628,-5.250207664246463,1.6480634627931592
171,-2.850578968990229,-5.263249696504833,-0.7422568768613768
172,-2.8141214185893912,-5.2748117618698975,-0.5789028328989747
173,-2.7769831292736855,-5.284890292494797,-1.3005281791411016
174,-2.739194634380021,-5.29348390483768,-1.7444141616157354
175,-2.7007872402728417,-5.300593410893743,-1.6316753061867673
176,-2.661792956931508,-5.306221825532676,-0.9952771059495935
177,-2.6222444275011414,-5.310374369917361,0.10699559397523606
178,-2.58217485695365,-5.313058470987094,-1.1254889686871332
179,-2.5416179400072,-5.314283756995786,-1.1288385612558178
180,-2.500607788453445,-5.314062049102971,-3.751104035409292
181,-2.459178858042614,-5.312407349022821,-1.7180216387844371
182,-2.4173658750771283,-5.309335822743647,-2.6631670990615657
183,-2.375203762864484,-5.304865780337791,-4.530490225160074
184,-2.332727568180197,-5.299017651889015,-8.554371937130444
185,-2.2899723878911002,-5.291813959571858,-3.5789560379726986
186,-2.246973295888591,-5.283279285924576,-2.1322999844755586
187,-2.203765270480482,-5.2734402383644525,-4.538374642632362
188,-2.160383122388757,-5.262325410001331,-4.376566781422951
189,-2.1168614234989978,-5.249965336812156,-5.04512197981736
190,-2.073234436505333,-5.2363924512462185,-4.467307502059803
191,-2.0295360455926357,-5.221641032337488,-4.05785547736442
192,-1.9857996882952258,-5.2057471524070404,-5.359691402792593
193,-1.942058288668671,-5.1887486204450335,-3.9639984549064193
194,-1.8983441919082304,-5.17068492226799,-6.167175973148354
195,-1.8546891005442996,-5.15159715755325,-6.170033692338881
196,-1.8111240123416894,-5.131527973858423,-9.652942565313518
197,-1.7676791600258066,-5.110521497739357,-6.458281111620434
198,-1.724383952954861,-5.088623263085765,-5.187773149058434
199,-1.6812669208529336,-5.065880136798895,-6.1361445788078175
200,-1.638355659714352,-5.042340241940765,-5.498938510408642
201,-1.5956767799851108,-5.018052878489317,-4.370635476431431
202,-1.553255857122244,-4.993068441838499,-4.621931514990462
203,-1.5111173846269448,-4.967438339186583,-6.686228659126604
204,-1.4692847296420233,-4.941214903960178,-8.78509476582893
205,-1.4277800911988203,-4.914451308425178,1.7170136433360899
206,-1.3866244611931544,-4.887201474639443,-6.114877191381168
207,-1.3458375881640794,-4.8595199839052965,-6.378061353811761
208,-1.3054379439433943,-4.831461984882834,-7.067770194605439
209,-1.2654426932377927,-4.803083100527768,-6.676732825732455
210,-1.2258676661994492,-4.774439334019849,-7.481129092786448
211,-1.1867273340345474,-4.745586973849993,-7.023365815629673
212,-1.1480347876929846,-4.7165824982359865,-7.968964264027561
213,-1.1098017196760277,-4.687482479038079,-9.060887943290625
214,-1.0720384089922597,-4.658343485346825,-6.822066409004294
215,-1.0347537092855912,-4.629221986916476,-6.406603881917302
216,-0.9979550401525641,-4.600174257617496,-8.348711872895016
217,-0.9616483816595637,-4.571256279082106,-9.404021170470312
218,-0.9258382720639458,-4.542523644716467,-7.6163485039576075
219,-0.8905278087364773,-4.514031464252668,-8.408217226551738
220,-0.8557186522758641,-4.4858342690128366,-10.198667310125442
221,-0.8214110337995931,-4.4579859180565755,-8.562244099253183
222,-0.787603765388742,-4.430539505381425,-9.290554371772528
223,-0.7542942536579648,-4.40354726834432,-9.094017586638532
224,-0.721478516415384,-4.377060497469866,-9.999300192723625
225,-0.6891512023708198,-4.351129447808892,-7.126116673578214
226,-0.6573056138445036,-4.32580325200804,-9.343742491850662
227,-0.625933732422282,-4.301129835248062,-10.698267190391958
228,-0.595026247497261,-4.277155832205322,-8.97246657922065
229,-0.564572587631942,-4.2539265061872795,-8.980126149367607
230,-0.5345609546691116,-4.231485670588923,-10.29947959500783
231,-0.5049783605141426,-4.209875612812993,-12.269608940641202
232,-0.4758106665058615,-4.1891370207923195,-10.084865756373402
233,-0.4470426252878848,-4.169308912248053,-8.93420993708063
234,-0.4186579250871836,-4.15042856681252,-9.621390623435117
235,-0.39063923630174513,-4.1325314611403385,-9.713391846476489
236,-0.3629682602944518,-4.115651207126021,-9.104515046960296
237,-0.33562578028582235,-4.099819493340627,-10.898476161283236
238,-0.30859171423396126,-4.0850660297942385,-8.658464680544146
239,-0.2818451695860054,-4.071418496125002,-15.056726979941992
240,-0.2553644997815569,-4.0589024933092,-3.9927900832388703
241,-0.22912736238498824,-4.047541498980491,-8.829913632219682
242,-0.2031107787202166,-4.037356826439836,-9.669793481619628
243,-0.17729119487845585,-4.0283675874309415,-10.797711965454786
244,-0.151644543966682,-4.020590658749181,-8.77823901893206
245,-0.12614630946198913,-4.014040652744963,-11.960028605176518
246,-0.10077158953479014,-4.008729891775429,-10.51976870594672
247,-0.07549516220182034,-4.004668386651158,-10.242211819921554
248,-0.050291551168236276,-4.001863819117252,-10.1606700150557
249,-0.02513509221666765,-4.00032152840084,-8.978534808883383
250,2.4493208478185337e-16,-4.0000445018495885,-9.863666851654362
251,0.025139564906183305,-4.001033369678349,-9.590051139280051
252,0.05030942883606594,-4.003286403833578,-10.060644475059721
253,0.07553533789581608,-4.006799520977631,-10.228868062000794
254,0.10084289100029066,-4.0115662895875195,-9.272313594950703
255,0.12625747322864284,-4.017577941155205,-8.80474809728686
256,0.15180418964256556,-4.024823385468993,-12.333642106295548
257,0.1775077997099954,-4.033289229948199,-9.333840430448477
258,0.20339265247583269,-4.042959802995761,-9.504362862623127
259,0.22948262261973065,-4.053817181326259,-10.273345251678158
260,0.2558010475391945,-4.065841221219439,-8.862548999958781
261,0.28237066559412594,-4.079009593642263,-10.164789571195243
262,0.30921355564660635,-4.0932978231753925,-10.018393469359603
263,0.3363510780270442,-4.108679330673144,-8.831698054281697
264,0.36380381705492126,-4.125125479579082,-14.872853393004197
265,0.3915915252391797,-4.142605625812826,-9.31881204630927
266,0.4197330692798949,-4.161087171137128,-9.955800733561937
267,0.44824637798917216,-4.180535619907947,-10.664085762063884
268,0.4771483922453088,-4.2009146391040995,-9.743988034174047
269,0.5064550170900913,-4.22218612152717,-10.287415893181533
270,0.536181076074747,-4.244310252056528,-9.537822856083878
271,0.5663402679554469,-4.26724557683887,-14.078678920453871
272,0.596945125834479,-4.290949075286345,-9.983470363753696
273,0.62800697883818,-4.315376234752247,-6.4039181147310895
274,0.659535916417571,-4.340481127748522,-8.815322083758064
275,0.691540755352224,-4.366216491564626,-7.756181399068616
276,0.7240290095324002,-4.392533810143152,-11.087403938004403
277,0.7570068625887649,-4.419383398063427,-7.966037844455838
278,0.7904791434331975,-4.446714486480674,-9.92894343984387
279,0.8244493047682045,-4.474475310864765,-7.595487699723976
280,0.8589194046163828,-4.502613200379504,-8.016722817548548
281,0.8938900909151662,-4.531074668740382,-8.718947402426714
282,0.9293605892157938,-4.559805506386307,-6.880767120893607
283,0.9653286935190712,-4.588750873798434,-8.79694330265436
284,1.00179076027403,-4.617855395797316,-8.564129690984602
285,1.0387417055590897,-4.647063256647955,-8.869549134741323
286,1.0761750054587504,-4.676318295800952,-8.418815895549411
287,1.1140826996422981,-4.705564104097062,-6.684853390342196
288,1.1524553981443466,-4.7347441202616665,-7.073020902982084
289,1.1912822913404608,-4.763801727515343,-6.375576098646354
290,1.230551163104474,-4.7926803501267745,-7.642238651657657
291,1.2702484071275504,-4.821323549734361,-6.744552562535608
292,1.3103590463724615,-4.849675121263663,-1.6023124459786935
293,1.3508667556300646,-4.877679188268648,-8.27722824722035
294,1.3917538871384871,-4.905280297525998,-4.933882905933583
295,1.4330014992191924,-4.932423512713294,-6.436816191758214
296,1.474589387877765,-4.959054507003794,-5.6622770977075305
297,1.5164961213110941,-4.985119654412679,-5.327063296047448
298,1.5586990772565268,-5.010566119732219,-6.184853044108891
299,1.601174483112619,-5.035341946895964,-6.290006283676241
300,1.643897458755282,-5.059396145615361,-4.938290269637225
301,1.6868420619674358,-5.082678776135396,0.10912644841556673
302,1.7299813363947683,-5.105141031959631,-3.549999077306558
303,1.7732873619348324,-5.126735320398955,-5.7466785386621915
304,1.8167313074615568,-5.147415340802483,-3.5487018175408016
305,1.8602834857822574,-5.167136160333638,-3.5285828639626233
306,1.9039134107194404,-5.1858542871590725,-4.793983704550435
307,1.9475898562051193,-5.203527740923085,-4.144146175978688
308,1.9912809172710433,-5.220116120385396,-5.568655943983241
309,2.034954072814057,-5.235580668105539,-4.0522236015466095
310,2.0785762500119698,-5.2498843320627735,-3.1611826743359686
311,2.122113890261633,-5.262991824106257,-3.9337847379426196
312,2.165533016507554,-5.2748696751362045,-4.3136324991076505
313,2.208799301826234,-5.28548628692301,-4.340535800552947
314,2.251878139128555,-5.2948119804776494,-3.544622931135821
315,2.294734711839912,-5.302819040893177,-2.262236486743789
316,2.337334065415536,-5.309481758583853,-3.636884316056308
317,2.379641179546333,-5.314776466855165,-3.0943084779991703
318,2.4216210409088887,-5.318681575744957,-4.08676883674915
319,2.463238716311763,-5.321177602082887,-2.1166522681060314
320,2.5044594260890833,-5.322247195722505,-1.120470333671728
321,2.5452486175915423,-5.321875161907448,-0.7478730769729505
322,2.58557203862434,-5.320048479740496,-1.2459543832195736
323,2.6253958106813444,-5.316756316731474,-3.745455323960994
324,2.664686501824756,-5.311990039407359,-1.2079786990947372
325,2.703411199059913,-5.30574321997526,-1.0476126148381684
326,2.741537580055458,-5.29801163903632,-1.6703531741861557
327,2.7790339840600797,-5.288793284355884,-0.9591992433427515
328,2.815869481868204,-5.278088345702651,-1.8060583174031768
329,2.8520139446885686,-5.265899205776786,-0.07478987180836727
330,2.8874381117714245,-5.25223042725421,-0.8928515064910316
331,2.9221136566521975,-5.23708873598146,-1.946361111931133
332,2.9560132518718647,-5.220483000362642,-0.5561238040151583
333,2.989110632036945,-5.20242420698694,1.3644349290698452
334,3.0213806550849553,-5.182925432552143,-0.14560831688650097
335,3.0527993616244524,-5.16200181214638,1.1100289689962692
336,3.083344032222204,-5.13967050395692,1.5123361320356996
337,3.112993242513829,-5.115950650481481,0.7584193501503833
338,3.1417269160182206,-5.090863336323763,0.5897000577264104
339,3.1695263745403355,-5.064431542661224,0.5999932051572158
340,3.196374386051387,-5.036680098479085,7.779240259477047
341,3.2222552099402204,-5.007635628670393,0.44029080265654397
342,3.247154639534531,-4.977326499107672,1.9362190467548834
343,3.2710600417957987,-4.9457827587970415,1.5861671671940558
344,3.2939603940970703,-4.913036079230957,-0.20423224237102744
345,3.315846317998312,-4.879119691060686,0.8360636303025266
346,3.3367101099397294,-4.844068318214405,3.3443911825784425
347,3.356545768779337,-4.8079181095912356,2.4196861535856753
348,3.3753490201071026,-4.7707065684658865,3.595912049061944
349,3.3931173372741577,-4.732472479742455,4.860772829980319
350,3.409849959081889,-4.693255835199683,4.626790566864156
351,3.4255479040821375,-4.653097756873451,4.008666439733571
352,3.4402139814463157,-4.612040418725323,3.888663195080042
353,3.453852798367839,-4.570126966748946,3.4919555216451603
354,3.466470763969054,-4.527401437668597,5.437387384857677
355,3.478076089690552,-4.483908676386439,4.629097334158259
356,3.4886787861477186,-4.439694252337083,3.0312181918207806
357,3.4982906564461405,-4.394804374909608,4.2195875696787155
358,3.5069252859545226,-4.3492858080986245,2.625197644178928
359,3.514598028540636,-4.303185784547013,4.516108244719539
360,3.521325989282798,-4.256551919143595,2.284621768190351
361,3.5271280036763115,-4.209432122339548,6.354797725111294
362,3.5320246133611963,-4.1618745133473745,4.567304118783644
363,3.5360380384044228,-4.113927333386069,4.93306759367963
364,3.539192146176681,-4.065638859135599,5.352018131228735
365,3.541512416870484,-4.017057316562955,6.289879034936199
366,3.5430259057130593,-3.968230795280918,6.510304149285428
367,3.543761201934126,-3.9192071635992165,6.552142836380938
368,3.543748384555068,-3.87003398442599,5.561744738740486
369,3.543018975072464,-3.820758432175433,4.91890871667808
370,3.541605887115134,-3.7714272108351508,6.039153852527484
371,3.5395433731599457,-3.722086473344076,6.849177985142423
372,3.536866968397651,-3.6727817424289535,5.889231071837
373,3.5336134318457035,-3.6235578330441,6.782129970359338
374,3.529820684810702,-3.574458776555746,5.819528297393871
375,3.525527746808501,-3.5255277468085002,7.112613840094641
376,3.5207746690551955,-3.4768069882074815,7.380975389201374
377,3.515602465647322,-3.4283377459454076,7.234859687862386
378,3.510053042554275,-3.380160198499468,7.342812095791169
379,3.5041691245506144,-3.3323133925180666,9.393590346500192
380,3.497994180220218,-3.2848351802126006,8.513223801214334
381,3.491572345168311,-3.2377621593642707,8.97990803444653
382,3.4849483435812636,-3.191129616050568,7.0603084339142255
383,3.478167408277614,-3.144971470190554,8.260053471835391
384,3.471275199397013,-3.0993202240022995,9.359850938168144
385,3.46431772187691,-3.0542069134599705,8.254897398630444
386,3.4573412418694494,-3.009661062831987,6.285492324765844
387,3.4503922022535254,-2.965710642375483,8.860137139432567
388,3.4435171373991507,-2.922382029255988,6.707742833806772
389,3.4367625873430483,-2.8796999717547442,7.8958688485110535
390,3.430175011536064,-2.837687556819596,10.122284279463893
391,3.423800702324128,-2.7963661810086458,9.502025515826228
392,3.417685698325524,-2.7557555248691843,10.063002714958499
393,3.4118756978678304,-2.715873530787631,9.359689857339596
394,3.4064159726481966,-2.6767363843392467,9.02145450924697
395,3.4013512817806744,-2.6383584991596067,8.282577857401343
396,3.396725786393992,-2.600752505352818,10.871804026684282
397,3.3925829649425148,-2.563929241444516,9.392597164793388
398,3.388965529392286,-2.5278977498807773,8.697826654627148
399,3.3859153424427033,-2.4926652760670978,10.340195566921434
400,3.383473335942913,-2.458237270934695,10.608057682052193
401,3.3816794306600966,-2.424617397014556,11.484521721445073
402,3.3805724575546865,-2.391807537992755,9.037706164556411
403,3.3801900807150966,-2.3598078117139014,9.298240011638358
404,3.380568722101761,-2.3286165865928434,9.317840776029833
405,3.3817434882472495,-2.298230501388191,9.39989496665647
406,3.38374809905592,-2.268644488284752,9.446930861833236
407,3.386614818842891,-2.239851799225596,9.552400077421193
408,3.390374389748303,-2.2118440354282454,11.32090767960165
409,3.3950559676586414,-2.1846111800133836,3.0004949575036335
410,3.4006870607624986,-2.1581416336685697,15.095742740599398
411,3.4072934708635096,-2.132422253263613,10.603512906674176
412,3.414899237568261,-2.107438393328731,4.305124777140449
413,3.4235265854618806,-2.083173950301154,9.209092917357536
414,3.4331958743786357,-2.0596114094406497,9.482903445908528
415,3.4439255528693034,-2.036731894309416,10.520839333201906
416,3.4557321149613096,-2.014515218707012,11.017642971295109
417,3.4686300603016877,-1.9929399409464092,9.74783412957951
418,3.4826318577667217,-1.9719834203529512,8.564555530902087
419,3.4977479126158784,-1.9516218758638477,11.695662142865448
420,3.513986537261129,-1.9318304466020675,11.410047538256622
421,3.5313539257161697,-1.9125832542948487,9.249492514541164
422,3.5498541317832797,-1.8938534674037475,9.87613600124381
423,3.569489051028713,-1.8756133668300972,8.159535617222836
424,3.59025840659053,-1.8578344130569566,10.462996868354036
425,3.6121597388557207,-1.84048731458614,11.47636816515893
426,3.635188399036305,-1.8235420975267287,8.193976530852328
427,3.659337546666904,-1.806968176189491,9.01542448060942
428,3.6845981510389816,-1.7907344245400605,9.114064791067825
429,3.7109589965796768,-1.774809248362367,9.030886129132611
430,3.738406692175784,-1.7591606579827674,7.632050179962468
431,3.7669256844360945,-1.7437563414046007,10.116176661719166
432,3.7964982748780245,-1.7285637377024594,8.029869207426772
433,3.8271046410170215,-1.7135501105253106,9.479719933722853
434,3.8587228613300413,-1.6986826215577755,10.037368774833585
435,3.891328944057091,-1.6839284037893751,9.182492847477022
436,3.9248968597976255,-1.6692546344422339,10.205661287072068
437,3.9593985778514766,-1.6546286074088736,9.217586724854932
438,3.994804106246969,-1.6400178050530454,8.521999567374474
439,4.031081535391891,-1.6253899692281948,14.88590308714715
440,4.068197085276192,-1.6107131713700946,8.57877771542986
441,4.106115156148556,-1.5959558815224038,10.701869766474191
442,4.1447983825824695,-1.581087036156392,8.824468118924775
443,4.18420769084088,-1.566076104648866,9.605864000378661
444,4.224302359442432,-1.5508931542853257,8.865416941088418
445,4.265040082826063,-1.5355089136587428,5.556327360012985
446,4.306377038004903,-1.5198948343378431,7.099336971971624
447,4.348267954094684,-1.5040231506826223,7.939405829512955
448,4.3906661845964665,-1.4878669376888556,8.495393473380997
449,4.433523782308056,-1.4714001667476124,5.808008294503663
450,4.476791576733598,-1.4545977592103145,9.00166793705012
451,4.520419253855975,-1.4374356376545618,7.321923173562415
452,4.564355438131997,-1.4198907747508915,7.057027397096273
453,4.6085477765662315,-1.4019412396356892,6.135068473198926
454,4.652943024715124,-1.3835662417008265,6.114823782048869
455,4.697487134469438,-1.3647461717160219,7.500392294938613
456,4.7421253434594375,-1.3454626402055494,7.826122667690679
457,4.786802265924104,-1.3256985130067098,-1.8062249339329304
458,4.83146198488283,-1.3054379439433936,6.050008692010208
459,4.876048145445279,-1.2846664045540692,7.4551604120280555
460,4.920504049092928,-1.263370710819762,6.328906273496751
461,4.964772748763826,-1.241539046843757,8.807452109873413
462,5.008797144570293,-1.219160985441174,7.745605903284574
463,5.052520079978053,-1.19622750560296,6.950818892513442
464,5.09588443827422,-1.1727310068053458,6.213404397970633
465,5.138833239150773,-1.1486653201423347,6.338869544690755
466,5.181309735229822,-1.1240257162653988,5.202434224791958
467,5.223257508356858,-1.0988089101211211,12.71003787079456
468,5.264620565488462,-1.07301306248421,7.07996182146167
469,5.305343434001439,-1.046637778289821,6.525863556399076
470,5.345371256251319,-1.019684101775815,4.469937630796431
471,5.384649883209368,-0.9921545084521125,3.503172430307568
472,5.423125967008704,-0.9640528939208273,4.849437487355655
473,5.4607470522320645,-0.9353845595773539,5.235260993805083
474,5.497461665775896,-0.9061561952289973,5.9789372094816
475,5.533219405127871,-0.8763758586740416,3.1412577723171986
476,5.5679710248977266,-0.8460529522903992,4.654588133230719
477,5.6016685214444895,-0.8151981966891583,4.352512317528457
478,5.634265215446325,-0.7838236014942648,-1.2710944168529394
479,5.665715832263095,-0.7519424333155628,3.744382670898128
480,5.69597657994555,-0.7195691809881088,3.2395884419411165
481,5.725005224749268,-0.686719518156273,2.2733872971383375
482,5.752761164016023,-0.6534102632865864,2.724877471250092
483,5.779205496289877,-0.6196593371985416,2.7011164234895726
484,5.8043010885404,-0.5854857182076092,-0.8909231684426899
485,5.82801264037052,-0.550909394979666,5.148448584537784
486,5.850306745092041,-0.5159513172006113,2.3530773343669855
487,5.87115194755749,-0.4806333441694998,1.2930795205806513
488,5.890518798642871,-0.44497819142769973,0.17994647337623282
489,5.908379906281913,-0.40900937554060807,2.4829210481150916
490,5.924709982958759,-0.3727511571522251,0.6923431278449157
491,5.93948588957237,-0.33622848243640163,10.469750641277184
492,5.952686675592606,-0.2994669230718516,0.5247957465912406
493,5.964293615434656,-0.26249261487100684,1.3344816735303062
494,5.974290240985362,-0.2253321951955873,4.846178319033076
495,5.982662370222036,-0.1880127392941424,4.921344178244449
496,5.9893981318714555,-0.15056169569910174,0.9674815606876698
497,5.9944879860639615,-0.11300682082273492,-0.6353587787020896
498,5.99792474094489,-0.07537611289306552,0.6306422296531452
499,5.999703565212932,-0.037697745372127014,-0.7789238128030666
500,5.999821996562473,0.0,-0.017037599522028643
501,5.998279946014421,0.037688800391187036,-0.5798572229877992
502,5.995079698127539,0.07534035914859015,-1.6547779339557174
503,5.990225907089855,0.11292647301053428,-0.6486222478422914
504,5.9837255886971725,0.15041909911419854,0.14354179130427625
505,5.975588108233307,0.18779042165482687,0.5580658155813507
506,5.965825164274073,0.22501291805288134,-2.596086514713729
507,5.954450768444531,0.26205942448656444,-1.6600242522914948
508,5.941481221166394,0.2989032006484291,-0.4375247510199358
509,5.926935083439777,0.3355179935863972,-2.897139059423345
510,5.910833144710733,0.3718781004913205,-4.496750103527426
511,5.893198386883153,0.4079584302954611,3.1430760556307002
512,5.874055944540624,0.4437345639486009,-3.3039864175780798
513,5.853433061450752,0.47918281324124345,-2.472292021523441
514,5.831359043431215,0.5142802780473201,-3.1056540023358523
515,5.807865207663469,0.5490049018620404,-2.651595774477577
516,5.782984828546397,0.5833355255140023,-3.485612603994566
517,5.756753080188602,0.6172519389344111,-2.8681795601484095
518,5.729206975644059,0.6507349308702363,-3.7862072082536953
519,5.700385303001729,0.6837663364322787,-2.4067858499242822
520,5.670328558445534,0.716329082373642,-4.50962016828491
521,5.639078876406468,0.7484072299986437,-3.655688382055137
522,5.606679956933937,0.7799860156071043,-5.00386205072437
523,5.573176990418373,0.8110518883839679,-4.082197061752416
524,5.538616579801999,0.8415925456494489,-4.507597429329281
525,5.503046660419106,0.8715969653902887,-6.312463875811573
526,5.46651641761139,0.9010554359982924,-4.938598179507035
527,5.429076202267973,0.9299595831479881,1.381613219695918
528,5.3907774444433585,0.9583023937512043,-4.4406493563316305
529,5.351672565209944,0.9860782369322505,-5.139934256572949
530,5.311814886904941,1.0132828819735813,-6.634750090028704
531,5.2712585419342535,1.0399135131879995,-4.430519208586858
532,5.230058380298402,1.0659687416797763,-5.675866818753517
533,5.188269876007851,1.0914486139634796,-6.360114102828241
534,5.1459490325568815,1.1163546174157493,-4.417480549834704
535,5.1031522876268225,1.1406896825417645,-6.978112270031944
536,5.059936417190593,1.1644581820447577,-6.051959897685979
537,5.016358439191597,1.187665926693477,-5.218121809352947
538,4.972475516970477,1.210320157989136,-6.039860812885704
539,4.928344862613581,1.2324295376399856,-7.088965622683488
540,4.884023640396984,1.2540041338582668,-7.337806793198101
541,4.839568870499546,1.275055404500873,-6.69923514141344
542,4.795037333157687,1.2955961770815814,-6.673360134085817
543,4.75048547343376,1.3156406256892534,-7.298145860688042
544,4.705969306768439,1.3352042448527728,-6.125611486627507
545,4.661544325485871,1.3543038203999127,-7.634549519888062
546,4.617265406418561,1.3729573973635538,-8.39097614406086
547,4.573186719816495,1.3911842449948568,-7.272578544937831
548,4.529361639702615,1.409004818949058,-10.128131229770759
549,4.485842655833723,1.4264407207154675,-1.0804473752001487
550,4.4426812874229205,1.4435146543690727,-7.653770462438901
551,4.399927998776093,1.460250380726796,-8.483464525065328
552,4.357632116991261,1.4766726689968779,-9.480651254989638
553,4.315841751865677,1.492807246015292,-8.86044350661448
554,4.274603718151209,1.5086807431681213,-7.014545616697145
555,4.233963460294017,1.5243206411038133,-9.403768517643043
556,4.19396497978985,1.539755212343986,-5.837056700543677
557,4.154650765281166,1.555013461905947,-8.030482387878557
558,4.116061725517062,1.570125066054418,-9.430569238697029
559,4.078237125291604,1.5851203093040278,-9.523497021411801
560,4.04121452447038,1.6000300197979882,-10.30811781929389
561,4.005029720209244,1.6148855031919012,-9.19221864630735
562,3.969716692463222,1.6297184751750846,-8.542062495343368
563,3.935307552877241,1.6445609927647844,-9.901134920188337
564,3.901832497143952,1.6594453845115036,-4.160804468468824
565,3.8693197609073966,1.6744041797562037,-8.34774383880799
566,3.8377955792845646,1.6894700370823958,-9.752227250081411
567,3.8072841500700325,1.7046756721081124,-9.721569060715755
568,3.777807600681992,1.7200537847644448,-10.240991353206326
569,3.7493859589009224,1.7356369862087142,-8.764901139980175
570,3.7220371274450423,1.7514577255214907,-10.706211151969988
571,3.69577686241947,1.7675482163374265,-8.905991338938023
572,3.6706187556688095,1.7839403635604238,-8.989290704834726
573,3.6465742210555465,1.8006656903138532,-10.298858113948262
574,3.6236524846793103,1.8177552652764355,-9.0156010532338
575,3.601860579044745,1.8352396305540375,-8.906504032938916
576,3.5812033411783384,1.8531487302369203,-9.343384064069408
577,3.561683414687251,1.8715118397909727,-7.916361529481222
578,3.543301255745851,1.8903574964302277,-11.92221685161608
579,3.5260551429883877,1.909713430616317,-11.139898896582583
580,3.509941191279021,1.9296064988286765,-11.363060324495398
581,3.494953369323233,1.9500626177471332,-9.826869043820928
582,3.481083521077598,1.9711066999860654,-8.414369638507774
583,3.4683213909078847,1.9927625915165894,-8.321999791780891
584,3.4566546524385524,2.0150530109102003,-9.508922044308932
585,3.446068941029985,2.0379994905340544,-9.112316399486492
586,3.436547889813135,2.0616223198244836,-10.126078594411345
587,3.428073169204763,2.085940490761585,-9.498892641496136
588,3.4206245298201203,2.1109716456636356,-9.574740977373178
589,3.414179848693778,2.136732027415803,-16.00979063085103
590,3.408715178713264,2.1632364322430884,-10.199874919445184
591,3.404204801164431,2.190498165132696,-10.0139285338093
592,3.400621281281823,2.218528998006015,-8.454231713949063
593,3.39793552669196,2.24733913073527,-10.85055049723389
594,3.396116848632286,2.2769371550944455,-11.889887537280526
595,3.395133025823566,2.307330021728609,-8.96578458935563
596,3.3949503708688566,2.3385230102199306,-10.505268453114986
597,3.395533799047722,2.3705197023228504,-10.076810391322086
598,3.3968468993701557,2.4033219584347374,-8.68416191596369
599,3.3988520077507616,2.436929897362196,-10.296702988322615
600,3.4015102821601273,2.4713418794368485,-9.816039446842106
601,3.4047817796068642,2.5065544930279327,-7.910530521060454
602,3.408625534800802,2.5425625444925277,-8.819278854355113
603,3.4129996403449483,2.5793590515975224,-15.083899065774048
604,3.4178613283013672,2.6169352404407626,-9.343563986246515
605,3.423167052973905,2.6552805458919444,-10.268347125032566
606,3.4288725747487745,2.694382615566998,-10.549712150181765
607,3.434933044832481,2.7342273173428158,-9.194719402979743
608,3.4413030907252016,2.7747987504122205,-6.884669438750682
609,3.447936902266806,2.81607925987213,-8.576576141950676
610,3.454788318092061,2.858049454830995,-8.542666092404893
611,3.4618109123311553,2.900688230014541,-8.280074670542298
612,3.468958081391694,2.9439727908420568,-8.90049937642455
613,3.4761831306585993,2.987878681938558,-9.813606999558402
614,3.4834393609488816,3.0323798190413274,-5.635678027305128
615,3.4906801545592354,3.0774485242526337,-8.628711839752864
616,3.4978590607455406,3.123055564583734,-8.394313145340513
617,3.5049298804749554,3.1691701937287307,-9.775857113597047
618,3.511846750293003,3.2157601970003555,-8.116485178784004
619,3.518564225150268,3.2627919393534004,-7.99794120717063
620,3.5250373600356912,3.310230416415395,-7.885548722241633
621,3.5312217902661227,3.3580393084379128,-9.293661152619817
622,3.5370738102848187,3.4061810370760925,-5.596072500298638
623,3.542550450824858,3.4546168248981886,-5.488533639858103
624,3.547609554296881,3.503306757521343,-6.431322632376163
625,3.552209848264446,3.552209848264449,-8.087931267947603
626,3.556311016874356,3.6012841052038165,-6.136461547940009
627,3.5598737701134904,3.6504866005122882,-6.958782510343064
628,3.562859910768371,3.6997735419578035,-6.891050018619097
629,3.565232398968321,3.7491003464328494,-5.065231803910704
630,3.566955414198184,3.798421715381986,-7.51008256293912
631,3.5679944146716416,3.847691711990539,-6.645506575417096
632,3.5683161939616856,3.8968638399938706,-6.715385862974242
633,3.5678889347903064,3.945891123963067,-5.812211965185958
634,3.566682259885259,3.994726190919665,-13.305948204892886
635,3.564667279817665,4.043321353129059,-6.224669733359
636,3.5618166377403857,4.091628691919603,-4.647114343466173
637,3.5581045509531735,4.139600142371971,-4.7376322133926845
638,3.5535068492271282,4.18718757872125,-6.014697864317546
639,3.5480010098273604,4.234342900312572,-4.317731707668026
640,3.5415661891793833,4.281018117949353,-7.144006836235848
641,3.5341832511314317,4.327165440472244,-4.884592391150928
642,3.52583479177162,4.372737361405979,-3.6621969097188236
643,3.5165051607657625,4.41768674551057,-4.86383251918129
644,3.5061804791884015,4.461966915073315,-4.069265847406306
645,3.494848653826694,4.505531735777874,-12.432439445547878
646,3.4824993879435326,4.548335701987285,-2.836961150854748
647,3.4691241884934416,4.59033402127824,-5.359089357173925
648,3.4547163697915044,4.631482698065152,-3.655048579110902
649,3.4392710536427513,4.671738616153699,-3.408157498258215
650,3.4227851659461606,4.711059620065221,-2.9123771393649793
651,3.405257429794312,4.749404594975265,-3.6161204619471903
652,3.386688355096702,4.786733545111761,-0.7812346192848638
653,3.367080224761181,4.823007670460906,-3.8582880695673785
654,3.3464370774749397,4.858189441631529,-1.9907769433711506
655,3.324764687132765,4.892242672732022,-5.000430809452924
656,3.3020705389669476,4.925132592117061,-1.873250724814917
657,3.2783638024394413,4.956825910865224,-1.180342631956564
658,3.253655300963064,4.987290888852479,-2.5884682192533424
659,3.2279574785247505,5.0164973982906425,-0.6121199114786898
660,3.2012843632895054,5.04441698460455,-0.7987123642965235
661,3.173651528269753,5.071022924526168,0.03430510970009648
662,3.1450760491500365,5.096290281289072,-6.951564566709135
663,3.11557645936267,5.120195956811638,-1.5363303967008424
664,3.08517270251486,5.142718740762936,-2.1488102754301144
665,3.05388608227302,5.163839356410747,-0.5111433894906365
666,3.0217392098145655,5.183540503157012,-1.3388007423545054
667,2.988755948962055,5.201806895672055,0.876829075990716
668,2.954961359118922,5.218625299545008,0.4485595790377347
669,2.9203816361298642,5.233984563374306,2.7555028511170816
670,2.885044051193032,5.247875647228538,-0.4036869534774714
671,2.848976887954387,5.260291647414675,2.1237104273685805
672,2.812209377918157,5.271227817497355,0.6023203526825301
673,2.7747716343100324,5.280681585519912,-0.13967512295452789
674,2.7366945845327257,5.288652567384746,2.0767155886325215
675,2.6980099013557592,5.295142576357727,0.2566304985462653
676,2.6587499329835556,5.300155628668572,0.820481515231865
677,2.618947632147863,5.303697945186199,1.327545236694962
678,2.578636484371906,5.3057779491555435,2.4558213506270077
679,2.537850435555188,5.306406259989418,1.429451126724857
680,2.4966238190285686,5.3055956831165565,3.688815427326496
681,2.4549912822301514,5.303361195894119,-5.022469965349762
682,2.412987713152765,5.299719929600427,3.189935401856413
683,2.370648166713852,5.294691147530975,3.295996415543943
684,2.3280077911985475,5.288296219227997,2.2656478563675817
685,2.2851017549259103,5.2805585908812045,3.0800770978115066
686,2.241965173287776,5.27150375194441,3.0285744713311447
687,2.19863303630824,5.2611591980199455,4.818889916810887
688,2.1551401368706786,5.249554390069671,5.588915860942016
689,2.1115209997572246,5.2367207100184645,3.1639986989038906
690,2.0678098116438623,5.222691412822738,5.3058025131092785
691,2.024040352191863,5.207501575083234,4.468661533436567
692,1.9802459263737588,5.191188040288017,2.744171741779213
693,1.9364592981693556,5.173789360777741,4.121045795491142
694,1.8927126257639262,5.155345736531693,5.501944718419994
695,1.849037398377707,5.135898950879034,5.347953750863642
696,1.805464374851864,5.11549230324558,2.9207351112923927
697,1.7620235241125735,5.094170539052069,6.101655148982262
698,1.7187439676304521,5.071979776885328,6.332712859433806
699,1.6756539239885408,5.048967433069012,5.527455134803307
700,1.6327806556673128,5.0251821437655035,5.276622631291961
701,1.59015041815043,5.000673684745365,8.10585935714483
702,1.5477884114502007,4.975492888965241,6.192201292308668
703,1.5057187341462555,4.949691562099337,6.4138588449334595
704,1.4639643400259288,4.923322396173533,5.447806915581718
705,1.4225469974090594,4.896438881455003,5.368182070032818
706,1.381487251234537,4.869095216753526,5.327815133775713
707,1.3408043879798237,4.841346218293829,6.565222413141489
708,1.3005164034790195,4.813247227321205,8.481847318391223
709,1.260639973698787,4.784854016605087,9.005914832938839
710,1.2211904285252861,4.756222696007601,8.949100050676169
711,1.1821817286091354,4.727409617285901,8.80347862247498
712,1.14362644530882,4.698471278298869,7.392442092271657
713,1.1055357437667896,4.669464226789931,6.526487153115303
714,1.067919369145707,4.640444963918738,7.540664273575818
715,1.0307856360460192,4.611469847715156,5.571065110471806
716,0.9941414211192746,4.5825949966293225,7.781918759964043
717,0.9579921588849944,4.553876193351475,9.864904455716582
718,0.9223418407524571,4.5253687890750385,8.44237192376445
719,0.8871930172418969,4.497127608375771,9.510741655690081
720,0.8525468033932715,4.469206854878735,9.004632334277016
721,0.8184028873439562,4.44166001788375,7.833787983943643
722,0.7847595420504315,4.414539780118189,10.45059835458062
723,0.7516136401223356,4.3878979267842215,8.71989267283322
724,0.7189606717310645,4.361785256065239,7.910834874001
725,0.6867947655486693,4.3362514912538,9.041993584161705
726,0.655108712666576,4.3113451946605155,7.534485467002764
727,0.6238939934376678,4.2871136834600865,9.995392304521143
728,0.5931408071790935,4.263602947627476,9.708459015892995
729,0.5628381046675174,4.24085757011328,8.924108943318101
730,0.5329736233525859,4.218920649403449,8.859157679080312
731,0.503533925209064,4.197833724604272,10.34924900258773
732,0.4745044371424603,4.177636703188977,8.412564080782152
733,0.44586949385794916,4.158367791537443,8.5497958520699
734,0.41761238309724324,4.14006342839564,10.013114824266577
735,0.389715393143227,4.122758221376014,9.189389987608871
736,0.36215986248766185,4.106484886614537,10.614192629085395
737,0.334926231552664,4.09127419169456,9.53544199774771
738,0.30799409635268404,4.077154901941498,10.970403406377258
739,0.281342263979543,4.064153730186422,10.309106512715744
740,0.25494880978955653,4.052295290090211,7.602924956029104
741,0.22879113616819444,4.041602053113536,15.104788203583867
742,0.20284603274450064,4.032094309211262,11.189355191872009
743,0.17708973792467664,4.023790131323066,10.621341795577385
744,0.1514980016113446,4.016705343725221,8.983913786644349
745,0.12604614897281854,4.010853494301357,8.622070716550233
746,0.1007091451243464,4.006245830782971,11.014869109697193
747,0.07546166058166207,4.0028912810031265,9.17921320238376
748,0.050278137345389703,4.000796437199529,11.798944221322062
749,0.02513285547376219,3.9999655443957094,11.771430705136547
750,2.4495388294575202e-16,4.000400492881678,8.5443073478651
751,-0.025146271949999865,4.002100814807847,9.148894665715058
752,-0.050331763984301454,4.005063684898568,8.736061451440387
753,-0.07558217336082489,4.009283925284072,10.642266033849175
754,-0.10092302413703762,4.01475401444212,8.669093972753414
755,-0.12637960069771334,4.021464100233088,7.906200036430487
756,-0.15197688180403604,4.029402017004846,11.940351347081286
757,-0.17773947530648143,4.038553306736269,10.899247384147108
758,-0.20369155366235292,4.048901244180865,10.68114496818215
759,-0.22985679039733095,4.060426865964779,9.167268894379802
760,-0.25625829764846547,4.0731090035860875,9.78371176256077
761,-0.28291856492370815,4.086924320255296,10.374918981028184
762,-0.3098593992108003,4.101847351509922,8.430778780739566
763,-0.33710186656534635,4.117850549529111,9.541074449204373
764,-0.36466623530511455,4.134904331067587,9.79095475697303
765,-0.39257192093412074,4.15297712892159,11.254441141865229
766,-0.4208374329166483,4.172035446833049,10.146850290208056
767,-0.4494803234175753,4.192043917732008,10.726617086157502
768,-0.47851713812123753,4.212965365211227,9.521235242509048
769,-0.5079633692370161,4.234760868121067,8.20115021141798
770,-0.5378334107951321,4.2573898281670886,8.903624823811189
771,-0.5681405163316865,4.280810040387335,7.504895378697664
772,-0.5988967590568658,4.3049777663811755,10.021605539859163
773,-0.6301129945953798,4.329847810156479,10.429437290175226
774,-0.661798826382728,4.355373596457287,8.866537803868676
775,-0.6939625737955902,4.3815072514297,7.8618254939899135
776,-0.7266112430890277,4.408199685479405,9.840199258015147
777,-0.7597505012073024,4.435400678170489,8.799581064405077
778,-0.7933846525294443,4.463058965011457,8.178103861259682
779,-0.8275166186044361,4.491122325971114,9.589034326480633
780,-0.8621479209249877,4.519537675563815,7.603662432300173
781,-0.8972786667823919,4.548251154340942,9.407548912864478
782,-0.9329075382388733,4.577208221622988,7.308255155925885
783,-0.9690317842471912,4.6063537493044615,8.431384644062181
784,-1.005647215940934,4.635632116562037,8.817726149735496
785,-1.042748205112422,4.664987305294908,6.474645963904864
786,-1.0803276858883923,4.694362996125015,8.088803543578107
787,-1.1183771596073007,4.723702664784055,7.457130717101102
788,-1.156886702895195,4.7529496787136,8.11980437552649
789,-1.1958449789307533,4.782047393704421,6.528155325637583
790,-1.2352392518832627,4.810939250401237,1.155180226236511
791,-1.275055404500869,4.839568870499542,8.436654679215334
792,-1.3152779588199244,4.867880152461919,7.087878853583506
793,-1.3558900999595798,4.895817366582288,7.605134306421791
794,-1.3968737029596328,4.9233252492279505,6.4211890104397105
795,-1.4382093626130217,4.950349096091065,5.470467575821772
796,-1.479876426238353,4.976834854283042,6.34439516759672
797,-1.5218530293314647,5.00272921310785,4.983528792991675
798,-1.5641161340292546,5.027979693352778,3.463397374185526
799,-1.6066415703128427,5.052534734938094,7.077462942051072
800,-1.649404079871538,5.07634378277033,4.668159710721481
801,-1.6923773625434801,5.09935737064742,-1.291941054314787
802,-1.7355341252431824,5.121527203067653,6.437715453608377
803,-1.7788461332812127,5.142806234798529,5.271320106029786
804,-1.8222842639758527,5.163148748065903,4.5224208847795495
805,-1.865818562451973,5.182510427228375,4.781145200241811
806,-1.9094182995173705,5.200848430806755,4.368390281085807
807,-1.9530520315026223,5.218121460743403,5.624602006128075
808,-1.9966876619460112,5.234289828771697,5.187527965352311
809,-2.0402925050011835,5.2493155197812165,2.563572944759766
810,-2.0838333504414384,5.263162252070076,4.472410978081691
811,-2.1272765301308474,5.275795534381738,4.673168693393985
812,-2.1705879858293557,5.28718271962966,4.440553619004413
813,-2.213733338195729,5.297293055219514,1.1725699871611575
814,-2.2566779568497517,5.306097729885084,3.18484400824143
815,-2.29938703135228,5.313569916960555,5.221931275761679
816,-2.3418256429598743,5.3196848140185935,3.8600347347073782
817,-2.383958837008556,5.324419678810561,1.173815722076372
818,-2.4257516957797476,5.327753861452038,1.0382484969544081
819,-2.467169411700138,5.329668832803936,3.010890166166813
820,-2.508177360726003,5.330148209006689,2.162691474070256
821,-2.5487411757620286,5.329177772132066,3.1141719713284086
822,-2.5888268199639404,5.32674548692458,2.2620760763543717
823,-2.628400659774384,5.322841513611604,1.8639160750889465
824,-2.667429537541426,5.317458216768824,1.7806111206747963
825,-2.7058808435696022,5.310590170234841,1.576668354640532
826,-2.7437225874542635,5.302234158076168,-0.04622382242966583
827,-2.7809234685508115,5.292389171611239,3.3853949589418697
828,-2.817452945432046,5.281056402509247,-0.563946162670234
829,-2.8532813041881946,5.2682392319870175,0.6429534434839795
830,-2.888379725426449,5.253943216134244,-0.07278365909858886
831,-2.9227203498287224,5.23817606740464,2.0831009141866152
832,-2.956276342129189,5.220947632317543,1.105780898438211
833,-2.9890219533756714,5.202269865421553,-0.6580572781655785
834,-3.0209325813421835,5.182156799578621,-0.07756778545613446
835,-3.0519848289632643,5.160624512633688,0.6939262566757012
836,-3.0821565606641816,5.137691090541723,1.5764079032407132
837,-3.1114269564651877,5.113376587030278,-0.5457941685862178
838,-3.139776563741843,5.0877029798821845,-2.0784082405534123
839,-3.1671873465280442,5.060694123928957,-2.206917557280368
840,-3.1936427322526777,5.032375700851591,0.5953052611850127
841,-3.2191276558059285,5.002775165891047,-3.667520761732967
842,-3.2436286008360304,4.971921691576408,1.272825657302111
843,-3.2671336381825973,4.939846108583926,-2.2296000087643346
844,-3.289632461358153,4.90658084384534,-2.6072746665645994
845,-3.3111164189948648,4.872159856028774,4.281554358584165
846,-3.33157854417956,4.8366185685200485,-1.5863918859859778
847,-3.351013580605731,4.79999380003677,-2.3990889330034464
848,-3.3694180054776477,4.762323693011576,-4.839242125194687
849,-3.3867900491076472,4.7236476398848755,-2.7097034865984364
850,-3.403129711154199,4.6840062074509285,-2.7918734411012656
851,-3.418438773454865,4.643441059404508,-2.7606505627221805
852,-3.4327208094146133,4.601994877238354,-4.628308024052712
853,-3.4459811899169424,4.559711279644348,-6.143315524389159
854,-3.458227085731751,4.516634740573911,-4.270931335318921
855,-3.4694674664008978,4.472810506115049,-5.063311233349638
856,-3.479713095589074,4.428284510345503,-5.056093539066348
857,-3.4889765228947818,4.383103290322891,-5.413646523570671
858,-3.4972720721228288,4.337313900373961,-5.0259476795274844
859,-3.504615826026901,4.290963825845976,-5.105588685811687
860,-3.511025607537758,4.244100896483889,-4.163000473604054
861,-3.5165209574992335,4.196773199597196,-4.1356209356553375
862,-3.5211231089414716,4.14902899318028,-6.077713549877925
863,-3.5248549579274218,4.100916619149934,-5.751251617830997
864,-3.527741031015557,4.052484416862719,-5.238303095350341
865,-3.529807449388359,4.00378063707421,-4.35627742286087
866,-3.531081889703,3.9548533565006903,-5.964410769701977
867,-3.531593541726894,3.905750393142335,-7.758382254189566
868,-3.5313730628274187,3.856519222525022,-5.976667403291123
869,-3.530452529391496,3.8072068950157827,-6.474411529414393
870,-3.5288653852565983,3.7578599543643545,-4.7273663770760175
871,-3.5266463872411347,3.708524357620525,-6.298661442612527
872,-3.523831547867812,3.659245396574091,-1.8507597831910951
873,-3.520458075379392,3.6100676208606255,-7.3589109836039714
874,-3.516564311151681,3.561034762872927,-7.559667461005002
875,-3.5121896646141093,3.5121896646141106,-1.7640766782335238
876,-3.5073745457931915,3.463574206624022,-7.1403354634172915
877,-3.502160295599142,3.4152292391065653,-6.528212252059402
878,-3.4965891139807876,3.36719451538078,-7.248540793868957
879,-3.490703986078007,3.3195086277736903,-8.057367362864474
880,-3.484548606505625,3.2722089460680195,-8.750515971638906
881,-3.4781673019062045,3.2253315586125066,-7.291645975997294
882,-3.4716049519132435,3.178911216197152,-8.102459785997725
883,-3.4649069086695823,3.1329812787901945,-7.967893547170826
884,-3.4581189150489426,3.087573665227651,-7.154948791212599
885,-3.451287021731603,3.042718805940356,-6.611472471008994
886,-3.444457503287685,2.9984455987974705,-9.419265363436155
887,-3.43767677342389,2.954781368138834,-6.920295502113156
888,-3.430991299551519,2.911751827062501,-9.526987567295295
889,-3.424447516835522,2.8693810430270825,-8.486696814583361
890,-3.418091741885407,2.8276914068219874,-8.620357335232399
891,-3.411970086250308,2.786703604951906,-9.206167091388004
892,-3.4061283698811384,2.7464365954752514,-7.618357414441405
893,-3.4006120347232334,2.706907587329247,-9.751665777916877
894,-3.395466058603207,2.668132023167575,-8.509128737446835
895,-3.390734869573509,2.630123565729652,-9.25655749591638
896,-3.386462260877777,2.5928940877534417,-10.245133193329375
897,-3.3826913066992748,2.5564536654370045,-8.165999125495272
898,-3.3794642788537894,2.520810575446864,-11.532724419317121
899,-3.3768225645867456,2.485971295464443,-10.030870042413728
900,-3.3748065856328435,2.4519405082548267,-11.103069914299766
901,-3.37345571869443,2.4187211092354084,-9.420892032569986
902,-3.372808217492478,2.3863142175150136,-9.400913226139425
903,-3.372901136541588,2.3547191903674474,-10.83075269141351
904,-3.3737702567974344,2.3239336410968603,-9.104288768671308
905,-3.3754500133219505,2.293953460245563,-10.827893232393166
906,-3.3779734251081024,2.2647728400887734,-9.172055678539058
907,-3.3813720272023526,2.2363843023541836,-9.626191967329426
908,-3.3856758052589164,2.208778729098291,-9.177997949430413
909,-3.3909131326556783,2.181945396665293,-5.433864723061833
910,-3.3971107102970914,2.1558720126484396,-9.845849565221284
911,-3.404293509224605,2.1305447557681845,-10.422683080347383
912,-3.4124847161502587,2.105948318575766,-11.443860122039561
913,-3.4217056820236955,2.082065952885697,-9.833854605243037
914,-3.4319758737375716,2.058879517835333,-8.220786366973513
915,-3.4433128290705515,2.0363695304649716,-10.647069651182537
916,-3.455732114961309,2.014515218707012,-10.199706220425343
917,-3.4692472892008666,1.9932945766684347,-9.307975009726706
918,-3.4838698656244067,1.9726844220865043,-9.954844152210221
919,-3.499609282877339,1.9526604558336165,-8.037667408128609
920,-3.516472876823805,1.93319732334358,-9.23065066778047
921,-3.5344658566592106,1.9142686778279683,-7.629642521480621
922,-3.5535912847815183,1.895847245148181,-16.525804686687103
923,-3.5738500604691734,1.8779048902057012,-11.040496646970235
924,-3.595240907406438,1.8604126847105735,-9.457752001497457
925,-3.6177603650899264,1.8433409761855741,-10.772633786936273
926,-3.6414027841428585,1.8266594580616164,-10.820624173654933
927,-3.6661603255563153,1.8103372407180078,-9.965026719580475
928,-3.692022963869599,1.7943429233197166,-8.800146107381435
929,-3.718978494294333,1.7786446663026656,-9.345197832783517
930,-3.747012543779701,1.7632102643569825,-8.826683191697963
931,-3.776108586008865,1.7480072197577823,-8.673525944965903
932,-3.8062479603091997,1.7330028158924493,-9.705468854196553
933,-3.8374098944517785,1.718164190833661,-11.87720358081337
934,-3.8695715313081562,1.7034584108075093,-8.617048203564204
935,-3.9027079593253227,1.6888525434066606,-7.178470697311724
936,-3.9367922467725274,1.674313730399564,-9.220506773505418
937,-3.9717954797066244,1.659809259987653,-10.561805080056322
938,-4.007686803595438,1.6453066383641861,-9.499164037283885
939,-4.044433468531995,1.6307736604299692,-9.987602574981226
940,-4.082000877965505,1.616178479523431,-9.012972979494764
941,-4.120352640868322,1.6014896760246289,-8.210276660966919
942,-4.159450627251809,1.586676324695644,-7.9318438113587675
943,-4.199255026937434,1.5717080606225184,-8.471863976837971
944,-4.239724411483388,1.5565551436270404,-9.546668412668742
945,-4.280815799160998,1.5411885210202745,-7.702039210051526
946,-4.322484722869413,1.525579888573142,-13.901945608857094
947,-4.364685300871263,1.509701749583481,-6.059536047225869
948,-4.407370310226916,1.4935274719229845,-8.698678185536815
949,-4.45049126279949,1.4770313429519701,-7.621619034254954
950,-4.493998483697921,1.4601886221942708,-6.789823720629972
951,-4.537841192020822,1.4429755916696232,-7.984872425238034
952,-4.5819675837592495,1.4253696037857184,-7.225778733027548
953,-4.626324916712344,1.4073491266972789,-7.4156168624368535
954,-4.67085959726601,1.388893787045079,-7.641172587064123
955,-4.715517268881055,1.3699844099930811,-7.212226213448366
956,-4.760242902133763,1.3506030564878102,-6.2873872180739765
957,-4.804980886149098,1.330733057669722,-6.712143940305877
958,-4.849675121263661,1.310359046372459,-7.453628838698191
959,-4.894269112753146,1.2894669856518508,-9.090753880659602
960,-4.938706065457046,1.268044194292765,-7.507375378533881
961,-4.982928979131171,1.2460793692482748,-6.591218970035529
962,-5.026880744357359,1.223562604971846,-8.942301218829734
963,-5.0705042388382715,1.2004854096099093,-4.071247941259086
964,-5.113742423904342,1.1768407180284304,-7.623049572579395
965,-5.156538441059443,1.152622901653964,-7.144942739528527
966,-5.198835708391505,1.1278277751159567,-4.3742257471070225
967,-5.240578016674297,1.1024525996839214,-7.867536809667077
968,-5.2817096249871645,1.0764960834996058,-4.782273782402356
969,-5.3221753556801215,1.0499583786108502,-5.7070552009166
970,-5.361920688512614,1.0228410748205825,-4.746970378304102
971,-5.400891853795893,0.9951471903707283,-4.162685295368475
972,-5.439035924370366,0.966881159487583,-5.835413361048685
973,-5.476300906251341,0.9380488168213503,-5.417211936578793
974,-5.5126358277789915,0.9086573788192562,-7.541056767676579
975,-5.547990827110829,0.8787154220776106,-5.336282428613902
976,-5.58231723789788,0.8482328587246606,3.133653166145746
977,-5.615567672989111,0.8172209088920158,-3.5277956352578035
978,-5.64769610601201,0.7856920703383651,-1.8324395861535434
979,-5.678657950680959,0.7536600852952074,-3.6201269193628733
980,-5.708410137689314,0.7211399046097504,-3.0450418601114637
981,-5.736911189045197,0.6881476492659433,-3.2566196147270454
982,-5.764121289715689,0.654700569369656,-3.6397456215904676
983,-5.790002356448999,0.6208170006895372,-2.224387545809142
984,-5.814518103649214,0.5865163188497324,-2.3283942520386764
985,-5.837634106183514,0.5518188912757319,-2.4815446457274453
986,-5.859317859007414,0.5167460269990309,-3.243832505396179
987,-5.879538833499202,0.48131992443063565,-2.2850645381111643
988,-5.898268530400847,0.44556361721778676,3.9932707800235936
989,-5.9154805292687005,0.4095009183018778,-1.1992137862957657
990,-5.931150534343689,0.37315636229953875,-2.172660728786449
991,-5.945256416757268,0.3365551463319524,-2.1728616861029098
992,-5.957778252995959,0.2997230694309074,-0.8041515664340009
993,-5.9686983595541765,0.26268647065281864,-0.08077878533724436
994,-5.97800132371201,0.2254721660345666,-0.8209642001733588
995,-5.985674030381613,0.18810738452755016,-6.484771101059764
996,-5.991705684973084,0.1506197030481268,-1.4464212218493824
997,-5.996087832237971,0.11303698078474583,-0.7965658180593924
998,-5.998814371055847,0.07538729290324592,-1.6714247258664896
999,-5.999881565136823,0.037698863793354756,-0.6973181994001285
